eliUri	source	sourceUrl	publicationDate	redactionalCode	contentHash	firstSeenAt	lastCheckedAt	lastChangedAt	status	lastError
http://www.gazzettaufficiale.it/eli/id/2026/06/20/26G00123/sg	gazzetta	http://www.gazzettaufficiale.it/eli/id/2026/06/20/26G00123/SG	2026-06-20	26G00123	a6c843bae0e11dd1b21722cf3480c1a0096074cf45852123648612d339bfac7c	2026-06-22T17:05:09.471046600+02:00	2026-06-22T17:05:09.471046600+02:00	2026-06-22T17:05:09.471046600+02:00	NEW	
http://www.gazzettaufficiale.it/eli/id/2026/06/20/26A03072/sg	gazzetta	http://www.gazzettaufficiale.it/eli/id/2026/06/20/26A03072/SG	2026-06-20	26A03072	b976f2f4b224a665c33edabee70090344a48d12f258604143d791dac776c54b0	2026-06-22T17:05:09.736637300+02:00	2026-06-22T17:05:09.736637300+02:00	2026-06-22T17:05:09.736637300+02:00	NEW	
http://www.gazzettaufficiale.it/eli/id/2026/06/20/26A03027/sg	gazzetta	http://www.gazzettaufficiale.it/eli/id/2026/06/20/26A03027/SG	2026-06-20	26A03027	07d6e17c07c9d08305c214b5b3c45f719e1e0f6bfe85827f4b3d94a68d240202	2026-06-22T17:05:10.032844400+02:00	2026-06-22T17:05:10.032844400+02:00	2026-06-22T17:05:10.032844400+02:00	NEW	
http://www.gazzettaufficiale.it/eli/id/2026/06/20/26A03117/sg	gazzetta	http://www.gazzettaufficiale.it/eli/id/2026/06/20/26A03117/SG	2026-06-20	26A03117	adb8962c256a126c10bb938316e936774928eaccabc761136688023e4e46b967	2026-06-22T17:05:10.275404700+02:00	2026-06-22T17:05:10.275404700+02:00	2026-06-22T17:05:10.275404700+02:00	NEW	
http://www.gazzettaufficiale.it/eli/id/2026/06/20/26A02847/sg	gazzetta	http://www.gazzettaufficiale.it/eli/id/2026/06/20/26A02847/SG	2026-06-20	26A02847	1a5aae592c16f477251da23a59ce43e9a6dfc85758034d8f162530fe1d0adb11	2026-06-22T17:05:10.527756+02:00	2026-06-22T17:05:10.527756+02:00	2026-06-22T17:05:10.527756+02:00	NEW	
http://www.gazzettaufficiale.it/eli/id/2026/06/20/26A03028/sg	gazzetta	http://www.gazzettaufficiale.it/eli/id/2026/06/20/26A03028/SG	2026-06-20	26A03028	43335a4aafe85a8396ee9a131fa1d47e3f18ac738bd994559297652bfb6ab97c	2026-06-22T17:05:10.784913400+02:00	2026-06-22T17:05:10.784913400+02:00	2026-06-22T17:05:10.784913400+02:00	NEW	
http://www.gazzettaufficiale.it/eli/id/2026/06/20/26A03029/sg	gazzetta	http://www.gazzettaufficiale.it/eli/id/2026/06/20/26A03029/SG	2026-06-20	26A03029	aa5251b520aa910f22fbf44c1f03957a1e2b331f03c2b6aab055acbefa855b25	2026-06-22T17:05:11.042655300+02:00	2026-06-22T17:05:11.042655300+02:00	2026-06-22T17:05:11.042655300+02:00	NEW	
http://www.gazzettaufficiale.it/eli/id/2026/06/20/26A03182/sg	gazzetta	http://www.gazzettaufficiale.it/eli/id/2026/06/20/26A03182/SG	2026-06-20	26A03182	03064acb0d03c8033ac50f93d6f84617b53df8274b0014da6398ffb5437f557f	2026-06-22T17:05:11.323487200+02:00	2026-06-22T17:05:11.323487200+02:00	2026-06-22T17:05:11.323487200+02:00	NEW	
http://www.gazzettaufficiale.it/eli/id/2026/06/20/26A03032/sg	gazzetta	http://www.gazzettaufficiale.it/eli/id/2026/06/20/26A03032/SG	2026-06-20	26A03032	3b25d951b6113979f8ebae24ffd74ca2d7b9eb66a96464de42ec3cddabe7a9eb	2026-06-22T17:05:11.573618500+02:00	2026-06-22T17:05:11.573618500+02:00	2026-06-22T17:05:11.573618500+02:00	NEW	
http://www.gazzettaufficiale.it/eli/id/2026/06/20/26A03033/sg	gazzetta	http://www.gazzettaufficiale.it/eli/id/2026/06/20/26A03033/SG	2026-06-20	26A03033	9df9338de701fb1c236038c8d737d51b6ecf01f1e1e1b86e42ecf2048f45b6c6	2026-06-22T17:05:11.882565400+02:00	2026-06-22T17:05:11.882565400+02:00	2026-06-22T17:05:11.882565400+02:00	NEW	
http://www.gazzettaufficiale.it/eli/id/2026/06/20/26A03034/sg	gazzetta	http://www.gazzettaufficiale.it/eli/id/2026/06/20/26A03034/SG	2026-06-20	26A03034	c71221d33f29f83a9d29b9f81048e5cfa9ca80d4e24ed2f0f7ee058f1388387f	2026-06-22T17:05:12.144951500+02:00	2026-06-22T17:05:12.144951500+02:00	2026-06-22T17:05:12.144951500+02:00	NEW	
http://www.gazzettaufficiale.it/eli/id/2026/06/20/26A03035/sg	gazzetta	http://www.gazzettaufficiale.it/eli/id/2026/06/20/26A03035/SG	2026-06-20	26A03035	c2fb33ff38f65e14c6a271e7bac8949371df27b301dcf9d6e0642ec721ce72b4	2026-06-22T17:05:12.394946900+02:00	2026-06-22T17:05:12.394946900+02:00	2026-06-22T17:05:12.394946900+02:00	NEW	
http://www.gazzettaufficiale.it/eli/id/2026/06/20/26A03114/sg	gazzetta	http://www.gazzettaufficiale.it/eli/id/2026/06/20/26A03114/SG	2026-06-20	26A03114	25edcae3536bc2f70fbc6c7b1f5abd7b169dc1255dfed895401b79a1d1ac796d	2026-06-22T17:05:12.623947600+02:00	2026-06-22T17:05:12.623947600+02:00	2026-06-22T17:05:12.623947600+02:00	NEW	
http://www.gazzettaufficiale.it/eli/id/2026/06/20/26A03074/sg	gazzetta	http://www.gazzettaufficiale.it/eli/id/2026/06/20/26A03074/SG	2026-06-20	26A03074	1f0874f3ef906ec5f7e78a040676240f272e86a8e66d1c34b19be2c9a6f44d25	2026-06-22T17:05:12.908955400+02:00	2026-06-22T17:05:12.908955400+02:00	2026-06-22T17:05:12.908955400+02:00	NEW	
http://www.gazzettaufficiale.it/eli/id/2026/06/20/26A03073/sg	gazzetta	http://www.gazzettaufficiale.it/eli/id/2026/06/20/26A03073/SG	2026-06-20	26A03073	248f4b1a952db847decd21b334aa474c6d134ad64d27a9cd1a29cc2f1e1a59f0	2026-06-22T17:05:13.131951900+02:00	2026-06-22T17:05:13.131951900+02:00	2026-06-22T17:05:13.131951900+02:00	NEW	
http://www.gazzettaufficiale.it/eli/id/2026/06/20/26A03188/sg	gazzetta	http://www.gazzettaufficiale.it/eli/id/2026/06/20/26A03188/SG	2026-06-20	26A03188	5dfd641d08b42f00bb724f19ab13e26828a831d0355c9a95a94a6e5e3fbbe47f	2026-06-22T17:05:13.361950900+02:00	2026-06-22T17:05:13.361950900+02:00	2026-06-22T17:05:13.361950900+02:00	NEW	
http://www.gazzettaufficiale.it/eli/id/2026/06/20/26A02994/sg	gazzetta	http://www.gazzettaufficiale.it/eli/id/2026/06/20/26A02994/SG	2026-06-20	26A02994	fb4107fb4d6666341487a18ab476f9c8ff0e0e883c6a6c7b4cb326566d784cda	2026-06-22T17:05:13.597948900+02:00	2026-06-22T17:05:13.597948900+02:00	2026-06-22T17:05:13.597948900+02:00	NEW	
http://www.gazzettaufficiale.it/eli/id/2026/06/20/26A03036/sg	gazzetta	http://www.gazzettaufficiale.it/eli/id/2026/06/20/26A03036/SG	2026-06-20	26A03036	9cb67c4da253d456faa837a3d1d40b18829a46b75277cd88ae7d64e990f17c15	2026-06-22T17:05:13.820948900+02:00	2026-06-22T17:05:13.820948900+02:00	2026-06-22T17:05:13.820948900+02:00	NEW	
http://www.gazzettaufficiale.it/eli/id/2026/06/20/26A03037/sg	gazzetta	http://www.gazzettaufficiale.it/eli/id/2026/06/20/26A03037/SG	2026-06-20	26A03037	9cb6d5eb8dfb4e948a6acd7f1cf1310a457afb99bd781aa9402f43738e57a4d1	2026-06-22T17:05:14.083789100+02:00	2026-06-22T17:05:14.083789100+02:00	2026-06-22T17:05:14.083789100+02:00	NEW	
http://www.gazzettaufficiale.it/eli/id/2026/06/27/26G00127/sg	gazzetta	http://www.gazzettaufficiale.it/eli/id/2026/06/27/26G00127/SG	2026-06-27	26G00127	6dddc183c4145d95c67decb2cb724414ddf4caf38a71a1be2e886ab11eff533c	2026-06-29T10:07:52.883820200+02:00	2026-06-29T10:07:52.883820200+02:00	2026-06-29T10:07:52.883820200+02:00	NEW	
http://www.gazzettaufficiale.it/eli/id/2026/06/27/26G00128/sg	gazzetta	http://www.gazzettaufficiale.it/eli/id/2026/06/27/26G00128/SG	2026-06-27	26G00128	ae9e5f92fc4c7b384548c49453163ee198d62ff66ec47efb3df5734d5472775d	2026-06-29T10:07:53.101026400+02:00	2026-06-29T10:07:53.101026400+02:00	2026-06-29T10:07:53.101026400+02:00	NEW	
http://www.gazzettaufficiale.it/eli/id/2026/06/27/26G00129/sg	gazzetta	http://www.gazzettaufficiale.it/eli/id/2026/06/27/26G00129/SG	2026-06-27	26G00129	7a4f56515a30bf7c5f0d9cecadcd00d0116a55ac890839699e92a4dc7c773d0c	2026-06-29T10:07:53.284604500+02:00	2026-06-29T10:07:53.284604500+02:00	2026-06-29T10:07:53.284604500+02:00	NEW	
http://www.gazzettaufficiale.it/eli/id/2026/06/27/26A03226/sg	gazzetta	http://www.gazzettaufficiale.it/eli/id/2026/06/27/26A03226/SG	2026-06-27	26A03226	aa398b39abaf845bfc06e79e3a00b4251fd9e902f5769cbbde6affbe30d8722c	2026-06-29T10:07:53.494042800+02:00	2026-06-29T10:07:53.494042800+02:00	2026-06-29T10:07:53.494042800+02:00	NEW	
http://www.gazzettaufficiale.it/eli/id/2026/06/27/26A03227/sg	gazzetta	http://www.gazzettaufficiale.it/eli/id/2026/06/27/26A03227/SG	2026-06-27	26A03227	7f2b541b163b6e9b150783ff1dc540f4b68926ad54d347961ea8512b76f3c09d	2026-06-29T10:07:53.787299200+02:00	2026-06-29T10:07:53.787299200+02:00	2026-06-29T10:07:53.787299200+02:00	NEW	
http://www.gazzettaufficiale.it/eli/id/2026/06/27/26A02941/sg	gazzetta	http://www.gazzettaufficiale.it/eli/id/2026/06/27/26A02941/SG	2026-06-27	26A02941	51e27bb95800d7d215d32321331fd3f97db1d9a7f63c52ac24446916c890f3ea	2026-06-29T10:07:54.003213+02:00	2026-06-29T10:07:54.003213+02:00	2026-06-29T10:07:54.003213+02:00	NEW	
http://www.gazzettaufficiale.it/eli/id/2026/06/27/26A02942/sg	gazzetta	http://www.gazzettaufficiale.it/eli/id/2026/06/27/26A02942/SG	2026-06-27	26A02942	4911cea7d274d25d23b0a42ada0cc2ab36b23f88e42dcc277ed4fb9412e1a28e	2026-06-29T10:07:54.245806300+02:00	2026-06-29T10:07:54.245806300+02:00	2026-06-29T10:07:54.245806300+02:00	NEW	
http://www.gazzettaufficiale.it/eli/id/2026/06/27/26A02943/sg	gazzetta	http://www.gazzettaufficiale.it/eli/id/2026/06/27/26A02943/SG	2026-06-27	26A02943	7378234b3719bce0baf93621d4058fb3f327c2f7a1145f2b1454d7a48ab454bd	2026-06-29T10:07:54.481307300+02:00	2026-06-29T10:07:54.481307300+02:00	2026-06-29T10:07:54.481307300+02:00	NEW	
http://www.gazzettaufficiale.it/eli/id/2026/06/27/26A03063/sg	gazzetta	http://www.gazzettaufficiale.it/eli/id/2026/06/27/26A03063/SG	2026-06-27	26A03063	29e3ae4dbb49f232493b6bd82bd5ddda0a6f127fb532a2817d77fdb4bf07e68a	2026-06-29T10:07:54.699353+02:00	2026-06-29T10:07:54.699353+02:00	2026-06-29T10:07:54.699353+02:00	NEW	
http://www.gazzettaufficiale.it/eli/id/2026/06/27/26A03064/sg	gazzetta	http://www.gazzettaufficiale.it/eli/id/2026/06/27/26A03064/SG	2026-06-27	26A03064	e2b473bdef0d7471153d15a52eee510d1ecdc2c0452b7de99e510b045db2f50d	2026-06-29T10:07:55.055262400+02:00	2026-06-29T10:07:55.055262400+02:00	2026-06-29T10:07:55.055262400+02:00	NEW	
http://www.gazzettaufficiale.it/eli/id/2026/06/27/26A03065/sg	gazzetta	http://www.gazzettaufficiale.it/eli/id/2026/06/27/26A03065/SG	2026-06-27	26A03065	029d5a18abf416c17fccaa2334da459cd71c7a2bce7df80c85a2d365de2b9f2b	2026-06-29T10:07:55.213187600+02:00	2026-06-29T10:07:55.213187600+02:00	2026-06-29T10:07:55.213187600+02:00	NEW	
http://www.gazzettaufficiale.it/eli/id/2026/06/27/26A03066/sg	gazzetta	http://www.gazzettaufficiale.it/eli/id/2026/06/27/26A03066/SG	2026-06-27	26A03066	86a3567a824b870a5c3653827f76909027625823164ff4b5352205e58735f826	2026-06-29T10:07:55.534008900+02:00	2026-06-29T10:07:55.534008900+02:00	2026-06-29T10:07:55.534008900+02:00	NEW	
http://www.gazzettaufficiale.it/eli/id/2026/06/27/26A03217/sg	gazzetta	http://www.gazzettaufficiale.it/eli/id/2026/06/27/26A03217/SG	2026-06-27	26A03217	34fde68fcab023befd499a5cb4fa2babcd0f0883ffee920b76c2590a498d2beb	2026-06-29T10:07:55.779276200+02:00	2026-06-29T10:07:55.779276200+02:00	2026-06-29T10:07:55.779276200+02:00	NEW	
http://www.gazzettaufficiale.it/eli/id/2026/06/27/26A03215/sg	gazzetta	http://www.gazzettaufficiale.it/eli/id/2026/06/27/26A03215/SG	2026-06-27	26A03215	d604ad74e2337d06d9af80de95c5fe328f7934b4b599e6aae7ad8f1bac2406eb	2026-06-29T10:07:55.972836700+02:00	2026-06-29T10:07:55.972836700+02:00	2026-06-29T10:07:55.972836700+02:00	NEW	
http://www.gazzettaufficiale.it/eli/id/2026/06/27/26A03291/sg	gazzetta	http://www.gazzettaufficiale.it/eli/id/2026/06/27/26A03291/SG	2026-06-27	26A03291	c1f62db3c77b196bd294f217065bf229f2813b8ba7ff592ea29a352cf8e18007	2026-06-29T10:07:56.261076500+02:00	2026-06-29T10:07:56.261076500+02:00	2026-06-29T10:07:56.261076500+02:00	NEW	
http://www.gazzettaufficiale.it/eli/id/2026/06/27/26A03280/sg	gazzetta	http://www.gazzettaufficiale.it/eli/id/2026/06/27/26A03280/SG	2026-06-27	26A03280	3201aeba38b84fa27ef11c39c53b03e755ad418b0c9c9b134b5e1f7ebef5cbb7	2026-06-29T10:07:56.466503+02:00	2026-06-29T10:07:56.466503+02:00	2026-06-29T10:07:56.466503+02:00	NEW	
http://www.gazzettaufficiale.it/eli/id/2026/06/27/26A03212/sg	gazzetta	http://www.gazzettaufficiale.it/eli/id/2026/06/27/26A03212/SG	2026-06-27	26A03212	e471f3bcf385f9e8a14b18e8c81e66356483b03133ac40d92bb45fc857f71c96	2026-06-29T10:07:56.704531200+02:00	2026-06-29T10:07:56.704531200+02:00	2026-06-29T10:07:56.704531200+02:00	NEW	
http://www.gazzettaufficiale.it/eli/id/2026/06/27/26A03216/sg	gazzetta	http://www.gazzettaufficiale.it/eli/id/2026/06/27/26A03216/SG	2026-06-27	26A03216	24eee7fe56b93631f05304c4513fe65effb0789baa8dfb448f6cf6a7ba788933	2026-06-29T10:07:56.941296100+02:00	2026-06-29T10:07:56.941296100+02:00	2026-06-29T10:07:56.941296100+02:00	NEW	
http://www.gazzettaufficiale.it/eli/id/2026/06/27/26A03218/sg	gazzetta	http://www.gazzettaufficiale.it/eli/id/2026/06/27/26A03218/SG	2026-06-27	26A03218	2dac6117f5dab5a1c93d64a916f00b0d78b66c0818069370e16dcb0bb64738aa	2026-06-29T10:07:57.170041900+02:00	2026-06-29T10:07:57.170041900+02:00	2026-06-29T10:07:57.170041900+02:00	NEW	
http://www.gazzettaufficiale.it/eli/id/2026/06/27/26A03219/sg	gazzetta	http://www.gazzettaufficiale.it/eli/id/2026/06/27/26A03219/SG	2026-06-27	26A03219	fbd6a10c657ed0b13ee7cfcd532a16dbdaeb34f3a8ec22e6aea590185f48121c	2026-06-29T10:07:57.359122300+02:00	2026-06-29T10:07:57.359122300+02:00	2026-06-29T10:07:57.359122300+02:00	NEW	
http://www.gazzettaufficiale.it/eli/id/2026/06/27/26A03228/sg	gazzetta	http://www.gazzettaufficiale.it/eli/id/2026/06/27/26A03228/SG	2026-06-27	26A03228	10feae8b5d74cd95a42626c751f0a2528436762776dfe9a4bc715ec333f60848	2026-06-29T10:07:57.554109900+02:00	2026-06-29T10:07:57.554109900+02:00	2026-06-29T10:07:57.554109900+02:00	NEW	
http://www.gazzettaufficiale.it/eli/id/2026/07/08/26G00140/sg	gazzetta	http://www.gazzettaufficiale.it/eli/id/2026/07/08/26G00140/SG	2026-07-08	26G00140	5254f6a688fe8c78b0d54b26edc196f96e82aa3607e229aab02ab57c628fd085	2026-07-09T10:05:39.624295600+02:00	2026-07-09T10:05:39.624295600+02:00	2026-07-09T10:05:39.624295600+02:00	NEW	
http://www.gazzettaufficiale.it/eli/id/2026/07/08/26A03273/sg	gazzetta	http://www.gazzettaufficiale.it/eli/id/2026/07/08/26A03273/SG	2026-07-08	26A03273	531f6471c6fb44cf07f385eb09cb0f946ce1b6b81271b7281c9dfe446fd9f505	2026-07-09T10:05:39.841181+02:00	2026-07-09T10:05:39.841181+02:00	2026-07-09T10:05:39.841181+02:00	NEW	
http://www.gazzettaufficiale.it/eli/id/2026/07/08/26A03443/sg	gazzetta	http://www.gazzettaufficiale.it/eli/id/2026/07/08/26A03443/SG	2026-07-08	26A03443	ec3e5ee4e114218e59924237fb5b0cacc474500190885b5ca492dbadb4ff4600	2026-07-09T10:05:40.101600100+02:00	2026-07-09T10:05:40.101600100+02:00	2026-07-09T10:05:40.101600100+02:00	NEW	
http://www.gazzettaufficiale.it/eli/id/2026/07/08/26A03466/sg	gazzetta	http://www.gazzettaufficiale.it/eli/id/2026/07/08/26A03466/SG	2026-07-08	26A03466	f75e9775734a87493cf5dcdb35c661fa951ba74b44a3b1df08dce2f885c3a78b	2026-07-09T10:05:40.427721+02:00	2026-07-09T10:05:40.427721+02:00	2026-07-09T10:05:40.427721+02:00	NEW	
http://www.gazzettaufficiale.it/eli/id/2026/07/08/26A03348/sg	gazzetta	http://www.gazzettaufficiale.it/eli/id/2026/07/08/26A03348/SG	2026-07-08	26A03348	552bb72e4170fd47774bc79c6787bbf4ad153af42e16f87035010206cb9ff6be	2026-07-09T10:05:40.598454100+02:00	2026-07-09T10:05:40.598454100+02:00	2026-07-09T10:05:40.598454100+02:00	NEW	
http://www.gazzettaufficiale.it/eli/id/2026/07/08/26A03272/sg	gazzetta	http://www.gazzettaufficiale.it/eli/id/2026/07/08/26A03272/SG	2026-07-08	26A03272	79b514778d7fd735b4afdeb7bdcfa1d6509d27632520a5e4b5e83739a2e8cbb0	2026-07-09T10:05:40.865762+02:00	2026-07-09T10:05:40.865762+02:00	2026-07-09T10:05:40.865762+02:00	NEW	
http://www.gazzettaufficiale.it/eli/id/2026/07/08/26A03343/sg	gazzetta	http://www.gazzettaufficiale.it/eli/id/2026/07/08/26A03343/SG	2026-07-08	26A03343	ba0955c2f2e1436593db9cfcc030e8c0a0682925c67ba90cb971e881596852d2	2026-07-09T10:05:41.214501100+02:00	2026-07-09T10:05:41.214501100+02:00	2026-07-09T10:05:41.214501100+02:00	NEW	
http://www.gazzettaufficiale.it/eli/id/2026/07/08/26A03344/sg	gazzetta	http://www.gazzettaufficiale.it/eli/id/2026/07/08/26A03344/SG	2026-07-08	26A03344	52a9a42477cd03d5e8a8a533c102fe97864075b5ae2b834eaf60d2b27ae7ed80	2026-07-09T10:05:41.366823900+02:00	2026-07-09T10:05:41.366823900+02:00	2026-07-09T10:05:41.366823900+02:00	NEW	
http://www.gazzettaufficiale.it/eli/id/2026/07/08/26A03345/sg	gazzetta	http://www.gazzettaufficiale.it/eli/id/2026/07/08/26A03345/SG	2026-07-08	26A03345	8478f6a59583f06dd905c7caa01a02592695c1aba9ad444176f7b2929c2f7631	2026-07-09T10:05:41.558644500+02:00	2026-07-09T10:05:41.558644500+02:00	2026-07-09T10:05:41.558644500+02:00	NEW	
http://www.gazzettaufficiale.it/eli/id/2026/07/08/26A03346/sg	gazzetta	http://www.gazzettaufficiale.it/eli/id/2026/07/08/26A03346/SG	2026-07-08	26A03346	b58b58fda702a14a08c80875b4d372b76ae81815e34e289d41261976fee1e5d5	2026-07-09T10:05:41.850972600+02:00	2026-07-09T10:05:41.850972600+02:00	2026-07-09T10:05:41.850972600+02:00	NEW	
http://www.gazzettaufficiale.it/eli/id/2026/07/08/26A03347/sg	gazzetta	http://www.gazzettaufficiale.it/eli/id/2026/07/08/26A03347/SG	2026-07-08	26A03347	e2b6bdfc699ed4d96620a9b97d14fb9c79f4f319663510a23af7d4425fd53ac7	2026-07-09T10:05:42.157104200+02:00	2026-07-09T10:05:42.157104200+02:00	2026-07-09T10:05:42.157104200+02:00	NEW	
http://www.gazzettaufficiale.it/eli/id/2026/07/08/26A03349/sg	gazzetta	http://www.gazzettaufficiale.it/eli/id/2026/07/08/26A03349/SG	2026-07-08	26A03349	523440a3bcbd5aaabaef96d266fa0aa9f85ab33515cfa0b520bd99c0ded12127	2026-07-09T10:05:42.380902500+02:00	2026-07-09T10:05:42.380902500+02:00	2026-07-09T10:05:42.380902500+02:00	NEW	
http://www.gazzettaufficiale.it/eli/id/2026/07/08/26A03350/sg	gazzetta	http://www.gazzettaufficiale.it/eli/id/2026/07/08/26A03350/SG	2026-07-08	26A03350	cf7eb3aebcd344fe939587dc4bdaaffbb0712c3217b46da91cade8f740741eef	2026-07-09T10:05:42.603522200+02:00	2026-07-09T10:05:42.603522200+02:00	2026-07-09T10:05:42.603522200+02:00	NEW	
http://www.gazzettaufficiale.it/eli/id/2026/07/08/26A03351/sg	gazzetta	http://www.gazzettaufficiale.it/eli/id/2026/07/08/26A03351/SG	2026-07-08	26A03351	b23e532444b92d4c61166a64902d6e1cc49d41a3022487df86a146fe93df686c	2026-07-09T10:05:42.792355200+02:00	2026-07-09T10:05:42.792355200+02:00	2026-07-09T10:05:42.792355200+02:00	NEW	
http://www.gazzettaufficiale.it/eli/id/2026/07/08/26A03352/sg	gazzetta	http://www.gazzettaufficiale.it/eli/id/2026/07/08/26A03352/SG	2026-07-08	26A03352	c21a80803997662a9e3233877c03385283fe770fde960bf8e598a07162300a08	2026-07-09T10:05:42.993533100+02:00	2026-07-09T10:05:42.993533100+02:00	2026-07-09T10:05:42.993533100+02:00	NEW	
http://www.gazzettaufficiale.it/eli/id/2026/07/08/26A03353/sg	gazzetta	http://www.gazzettaufficiale.it/eli/id/2026/07/08/26A03353/SG	2026-07-08	26A03353	c6eb0a62ae8d21d05fc1f57c11266cd92060b0469dd4772915145e5b6e56cd09	2026-07-09T10:05:43.203039700+02:00	2026-07-09T10:05:43.203039700+02:00	2026-07-09T10:05:43.203039700+02:00	NEW	
http://www.gazzettaufficiale.it/eli/id/2026/07/08/26A03354/sg	gazzetta	http://www.gazzettaufficiale.it/eli/id/2026/07/08/26A03354/SG	2026-07-08	26A03354	1d2a865a6c4a93a6302f3567314ef49fe84a9ced9645f4561737198783a5690e	2026-07-09T10:05:43.445379700+02:00	2026-07-09T10:05:43.445379700+02:00	2026-07-09T10:05:43.445379700+02:00	NEW	
http://www.gazzettaufficiale.it/eli/id/2026/07/08/26A03355/sg	gazzetta	http://www.gazzettaufficiale.it/eli/id/2026/07/08/26A03355/SG	2026-07-08	26A03355	11144a1a42f6a5a8149338d895c407792261c40783045ba61a37fc7bc599f1cc	2026-07-09T10:05:43.785014800+02:00	2026-07-09T10:05:43.785014800+02:00	2026-07-09T10:05:43.785014800+02:00	NEW	
http://www.gazzettaufficiale.it/eli/id/2026/07/08/26A03356/sg	gazzetta	http://www.gazzettaufficiale.it/eli/id/2026/07/08/26A03356/SG	2026-07-08	26A03356	0c6c406c69c05aef00578ad6aa51c2a2a8fef646e15f130f9880bf099a696617	2026-07-09T10:05:44.008202100+02:00	2026-07-09T10:05:44.008202100+02:00	2026-07-09T10:05:44.008202100+02:00	NEW	
http://www.gazzettaufficiale.it/eli/id/2026/07/08/26A03357/sg	gazzetta	http://www.gazzettaufficiale.it/eli/id/2026/07/08/26A03357/SG	2026-07-08	26A03357	5acb5016726f597090031f56740adf42ae1cce7c2f2674d696f4c823378185a6	2026-07-09T10:05:44.155242900+02:00	2026-07-09T10:05:44.155242900+02:00	2026-07-09T10:05:44.155242900+02:00	NEW	
http://www.gazzettaufficiale.it/eli/id/2026/07/08/26A03456/sg	gazzetta	http://www.gazzettaufficiale.it/eli/id/2026/07/08/26A03456/SG	2026-07-08	26A03456	84ddef088423a6df5256832867b22ba6728670c42705c34411a28b1c96340cd9	2026-07-09T10:05:44.417472100+02:00	2026-07-09T10:05:44.417472100+02:00	2026-07-09T10:05:44.417472100+02:00	NEW	
http://www.gazzettaufficiale.it/eli/id/2026/07/08/26A03359/sg	gazzetta	http://www.gazzettaufficiale.it/eli/id/2026/07/08/26A03359/SG	2026-07-08	26A03359	ceadd72933ff20e75e71818c0cc5284a646588ec405d5ddeaef363407509ac0d	2026-07-09T10:05:44.668331100+02:00	2026-07-09T10:05:44.668331100+02:00	2026-07-09T10:05:44.668331100+02:00	NEW	
http://www.gazzettaufficiale.it/eli/id/2026/07/08/26A03282/sg	gazzetta	http://www.gazzettaufficiale.it/eli/id/2026/07/08/26A03282/SG	2026-07-08	26A03282	8288fe99946fa96c77d381af8a2ce5ad2d2e4e0bbc15c06bc0eea4259a06ffd0	2026-07-09T10:05:44.918520600+02:00	2026-07-09T10:05:44.918520600+02:00	2026-07-09T10:05:44.918520600+02:00	NEW	
http://www.gazzettaufficiale.it/eli/id/2026/07/08/26A03358/sg	gazzetta	http://www.gazzettaufficiale.it/eli/id/2026/07/08/26A03358/SG	2026-07-08	26A03358	fd510130812f406188ec3b1a42e69a5d5af76f1fcdac5cc8e711add8b36752ef	2026-07-09T10:05:45.177963700+02:00	2026-07-09T10:05:45.177963700+02:00	2026-07-09T10:05:45.177963700+02:00	NEW	
http://www.gazzettaufficiale.it/eli/id/2026/07/08/26A03274/sg	gazzetta	http://www.gazzettaufficiale.it/eli/id/2026/07/08/26A03274/SG	2026-07-08	26A03274	bd09ba8ace618d26ff1c29b81f73bf614583358ad142b0712726bb4fcd4d4e1c	2026-07-09T10:05:45.399557400+02:00	2026-07-09T10:05:45.399557400+02:00	2026-07-09T10:05:45.399557400+02:00	NEW	
http://www.gazzettaufficiale.it/eli/id/2026/07/08/26A03283/sg	gazzetta	http://www.gazzettaufficiale.it/eli/id/2026/07/08/26A03283/SG	2026-07-08	26A03283	8033684efae2ab81d52356323433cb7e4c5ffab190323f7cbf3eef9cff885592	2026-07-09T10:05:45.634469300+02:00	2026-07-09T10:05:45.634469300+02:00	2026-07-09T10:05:45.634469300+02:00	NEW	
http://www.gazzettaufficiale.it/eli/id/2026/07/09/26G00141/sg	gazzetta	http://www.gazzettaufficiale.it/eli/id/2026/07/09/26G00141/SG	2026-07-09	26G00141	c960c0e2c42f2d437b3c39b34b8d4731c15eae108957daf041e70f4283d83a2a	2026-07-10T12:30:31.558981100+02:00	2026-07-10T12:30:31.558981100+02:00	2026-07-10T12:30:31.558981100+02:00	NEW	
http://www.gazzettaufficiale.it/eli/id/2026/07/09/26A03404/sg	gazzetta	http://www.gazzettaufficiale.it/eli/id/2026/07/09/26A03404/SG	2026-07-09	26A03404	d7020422bab0452a900f2d93632fe2f4dc2b39502fcb22bbae0830888b07e2f7	2026-07-10T12:30:31.728674500+02:00	2026-07-10T12:30:31.728674500+02:00	2026-07-10T12:30:31.728674500+02:00	NEW	
http://www.gazzettaufficiale.it/eli/id/2026/07/09/26A03368/sg	gazzetta	http://www.gazzettaufficiale.it/eli/id/2026/07/09/26A03368/SG	2026-07-09	26A03368	5c5bacf367ce149c8cfd9a5efd86f37152765c11d598a51cfebd5fc57274084b	2026-07-10T12:30:31.926942400+02:00	2026-07-10T12:30:31.926942400+02:00	2026-07-10T12:30:31.926942400+02:00	NEW	
http://www.gazzettaufficiale.it/eli/id/2026/07/09/26A03365/sg	gazzetta	http://www.gazzettaufficiale.it/eli/id/2026/07/09/26A03365/SG	2026-07-09	26A03365	13a87e909897b64f3055bcb274603d771c30df5a63a8aa0ea427f0c60672c743	2026-07-10T12:30:32.185951800+02:00	2026-07-10T12:30:32.185951800+02:00	2026-07-10T12:30:32.185951800+02:00	NEW	
http://www.gazzettaufficiale.it/eli/id/2026/07/09/26A03314/sg	gazzetta	http://www.gazzettaufficiale.it/eli/id/2026/07/09/26A03314/SG	2026-07-09	26A03314	f993d8b0f29db8c81d587eed9e79360a703f42a46b21c6d9832c64555c078c54	2026-07-10T12:30:32.454957600+02:00	2026-07-10T12:30:32.454957600+02:00	2026-07-10T12:30:32.454957600+02:00	NEW	
http://www.gazzettaufficiale.it/eli/id/2026/07/09/26A03360/sg	gazzetta	http://www.gazzettaufficiale.it/eli/id/2026/07/09/26A03360/SG	2026-07-09	26A03360	01fa5c118d5b036fa1744edc26c2c170e77bc3df0875e139f5a05438750c92b0	2026-07-10T12:30:32.789196600+02:00	2026-07-10T12:30:32.789196600+02:00	2026-07-10T12:30:32.789196600+02:00	NEW	
http://www.gazzettaufficiale.it/eli/id/2026/07/09/26A03361/sg	gazzetta	http://www.gazzettaufficiale.it/eli/id/2026/07/09/26A03361/SG	2026-07-09	26A03361	1f6cbb2168edaa4cec7b3378ecb77a0e1481149ebba221a29555b6f87c11a265	2026-07-10T12:30:33.064888600+02:00	2026-07-10T12:30:33.064888600+02:00	2026-07-10T12:30:33.064888600+02:00	NEW	
http://www.gazzettaufficiale.it/eli/id/2026/07/09/26A03362/sg	gazzetta	http://www.gazzettaufficiale.it/eli/id/2026/07/09/26A03362/SG	2026-07-09	26A03362	0231c578b3d7a85ffa93e9a2d5b87bb54ddf95b24985d2a524842dde77dae5ed	2026-07-10T12:30:33.290809+02:00	2026-07-10T12:30:33.290809+02:00	2026-07-10T12:30:33.290809+02:00	NEW	
http://www.gazzettaufficiale.it/eli/id/2026/07/09/26A03363/sg	gazzetta	http://www.gazzettaufficiale.it/eli/id/2026/07/09/26A03363/SG	2026-07-09	26A03363	a602baddbcd78a6b9f79cc3e0918ff684a8580c182f3d20f0dac572c14a22e3a	2026-07-10T12:30:33.629301300+02:00	2026-07-10T12:30:33.629301300+02:00	2026-07-10T12:30:33.629301300+02:00	NEW	
http://www.gazzettaufficiale.it/eli/id/2026/07/09/26A03364/sg	gazzetta	http://www.gazzettaufficiale.it/eli/id/2026/07/09/26A03364/SG	2026-07-09	26A03364	7afe09a33de2cee980ee14b67b715be77787939fd62fc0ea713238090c17a81a	2026-07-10T12:30:33.928865600+02:00	2026-07-10T12:30:33.928865600+02:00	2026-07-10T12:30:33.928865600+02:00	NEW	
http://www.gazzettaufficiale.it/eli/id/2026/07/09/26A03366/sg	gazzetta	http://www.gazzettaufficiale.it/eli/id/2026/07/09/26A03366/SG	2026-07-09	26A03366	824544cddc30f8ff29c553d1fc426d769ef2ec3db670355ec2a0b191a263c22d	2026-07-10T12:30:34.261014900+02:00	2026-07-10T12:30:34.261014900+02:00	2026-07-10T12:30:34.261014900+02:00	NEW	
http://www.gazzettaufficiale.it/eli/id/2026/07/09/26A03367/sg	gazzetta	http://www.gazzettaufficiale.it/eli/id/2026/07/09/26A03367/SG	2026-07-09	26A03367	22c66511b83eb120d91f3606f6325ccfad68d510df14d7a0649b152157cfda34	2026-07-10T12:30:34.593012500+02:00	2026-07-10T12:30:34.593012500+02:00	2026-07-10T12:30:34.593012500+02:00	NEW	
http://www.gazzettaufficiale.it/eli/id/2026/07/09/26A03403/sg	gazzetta	http://www.gazzettaufficiale.it/eli/id/2026/07/09/26A03403/SG	2026-07-09	26A03403	49e861706a984a4ff13e30f0bc1889b96b7cfc5b641ebec1827acf67dc17f5e7	2026-07-10T12:30:34.923117100+02:00	2026-07-10T12:30:34.923117100+02:00	2026-07-10T12:30:34.923117100+02:00	NEW	
http://www.gazzettaufficiale.it/eli/id/2026/07/09/26A03459/sg	gazzetta	http://www.gazzettaufficiale.it/eli/id/2026/07/09/26A03459/SG	2026-07-09	26A03459	b57115efc10cd5e91a34dc20a30f8214f8a951e621c571ba443783a8b269b0b2	2026-07-10T12:30:35.199169500+02:00	2026-07-10T12:30:35.199169500+02:00	2026-07-10T12:30:35.199169500+02:00	NEW	
http://www.gazzettaufficiale.it/eli/id/2026/07/09/26A03400/sg	gazzetta	http://www.gazzettaufficiale.it/eli/id/2026/07/09/26A03400/SG	2026-07-09	26A03400	d1c48a561d4af95b76661177ededd34bdeabfba4ed4302b6da87ed11e89e89ad	2026-07-10T12:30:35.537564700+02:00	2026-07-10T12:30:35.537564700+02:00	2026-07-10T12:30:35.537564700+02:00	NEW	
http://www.gazzettaufficiale.it/eli/id/2026/07/09/26A03467/sg	gazzetta	http://www.gazzettaufficiale.it/eli/id/2026/07/09/26A03467/SG	2026-07-09	26A03467	77671a22226fd655fd42aee5db0e01ca71e4a955102d3f1487c488a5edffa524	2026-07-10T12:30:35.730093400+02:00	2026-07-10T12:30:35.730093400+02:00	2026-07-10T12:30:35.730093400+02:00	NEW	
http://www.gazzettaufficiale.it/eli/id/2026/07/09/26A03275/sg	gazzetta	http://www.gazzettaufficiale.it/eli/id/2026/07/09/26A03275/SG	2026-07-09	26A03275	bae1996c2328b774bf2cec82f9b50de6e79f4f91629a8dbb352508fdc8989972	2026-07-10T12:30:35.930135600+02:00	2026-07-10T12:30:35.930135600+02:00	2026-07-10T12:30:35.930135600+02:00	NEW	
http://www.gazzettaufficiale.it/eli/id/2026/07/09/26A03370/sg	gazzetta	http://www.gazzettaufficiale.it/eli/id/2026/07/09/26A03370/SG	2026-07-09	26A03370	96588d6547008f1fc975b341e7540b7345d1f7c8558494a71ccd996f88d620a0	2026-07-10T12:30:36.224175600+02:00	2026-07-10T12:30:36.224175600+02:00	2026-07-10T12:30:36.224175600+02:00	NEW	
http://www.gazzettaufficiale.it/eli/id/2026/07/09/26A03415/sg	gazzetta	http://www.gazzettaufficiale.it/eli/id/2026/07/09/26A03415/SG	2026-07-09	26A03415	4d321f3760fc716163c8a1eaff637f1146015798fd3a7c94f5c09e83b81af4d0	2026-07-10T12:30:36.439212200+02:00	2026-07-10T12:30:36.439212200+02:00	2026-07-10T12:30:36.439212200+02:00	NEW	
http://www.gazzettaufficiale.it/eli/id/2026/07/09/26A03369/sg	gazzetta	http://www.gazzettaufficiale.it/eli/id/2026/07/09/26A03369/SG	2026-07-09	26A03369	7da3373c890b3b65039dbd9cedaeca927bd1149c28ce1da35e8b1a7e357eb468	2026-07-10T12:30:36.737328700+02:00	2026-07-10T12:30:36.737328700+02:00	2026-07-10T12:30:36.737328700+02:00	NEW	
http://www.gazzettaufficiale.it/eli/id/2026/07/18/26A03540/sg	gazzetta	http://www.gazzettaufficiale.it/eli/id/2026/07/18/26A03540/SG	2026-07-18	26A03540	66f2ba1ccbbd50b5ff0c3e4458579683fe420bacae1673926b1b6fed4d84fc9e	2026-07-18T14:53:06.051895500+02:00	2026-07-18T14:53:06.051895500+02:00	2026-07-18T14:53:06.051895500+02:00	NEW	
http://www.gazzettaufficiale.it/eli/id/2026/07/18/26A03541/sg	gazzetta	http://www.gazzettaufficiale.it/eli/id/2026/07/18/26A03541/SG	2026-07-18	26A03541	52d0325e3d43a7e9dff92d18d2385d28813acdeec508e91dce237752a2603a16	2026-07-18T14:53:07.015747200+02:00	2026-07-18T14:53:07.015747200+02:00	2026-07-18T14:53:07.015747200+02:00	NEW	
http://www.gazzettaufficiale.it/eli/id/2026/07/18/26A03564/sg	gazzetta	http://www.gazzettaufficiale.it/eli/id/2026/07/18/26A03564/SG	2026-07-18	26A03564	2d0c9c22c8e097c9f4bb36137f802b8d21e3234228229f2e2d5be48e14466476	2026-07-18T14:53:07.383252100+02:00	2026-07-18T14:53:07.383252100+02:00	2026-07-18T14:53:07.383252100+02:00	NEW	
http://www.gazzettaufficiale.it/eli/id/2026/07/18/26A03565/sg	gazzetta	http://www.gazzettaufficiale.it/eli/id/2026/07/18/26A03565/SG	2026-07-18	26A03565	47c4573b23f0062367c64b83a90e73e83bffc020d19d40a4400cc39a8b09fc6d	2026-07-18T14:53:07.744666600+02:00	2026-07-18T14:53:07.744666600+02:00	2026-07-18T14:53:07.744666600+02:00	NEW	
http://www.gazzettaufficiale.it/eli/id/2026/07/18/26A03566/sg	gazzetta	http://www.gazzettaufficiale.it/eli/id/2026/07/18/26A03566/SG	2026-07-18	26A03566	983da8939c0de34dec05bece8164cfa38b5aa4ad1bc33d45c336c7cf84e4d894	2026-07-18T14:53:08.183282100+02:00	2026-07-18T14:53:08.183282100+02:00	2026-07-18T14:53:08.183282100+02:00	NEW	
http://www.gazzettaufficiale.it/eli/id/2026/07/18/26A03544/sg	gazzetta	http://www.gazzettaufficiale.it/eli/id/2026/07/18/26A03544/SG	2026-07-18	26A03544	cd61e82238abb0094f1a406f29d107ec7ba70a3219917252e5da9793d521f447	2026-07-18T14:53:08.508957300+02:00	2026-07-18T14:53:08.508957300+02:00	2026-07-18T14:53:08.508957300+02:00	NEW	
http://www.gazzettaufficiale.it/eli/id/2026/07/18/26A03545/sg	gazzetta	http://www.gazzettaufficiale.it/eli/id/2026/07/18/26A03545/SG	2026-07-18	26A03545	d195c89e601d9e30f374834930ede1174003443c2eaa838bc8f665fb91b3f9f6	2026-07-18T14:53:08.837107800+02:00	2026-07-18T14:53:08.837107800+02:00	2026-07-18T14:53:08.837107800+02:00	NEW	
http://www.gazzettaufficiale.it/eli/id/2026/07/18/26A03546/sg	gazzetta	http://www.gazzettaufficiale.it/eli/id/2026/07/18/26A03546/SG	2026-07-18	26A03546	608d398a36fcbc89246736d3d3a64c2c9a34a9028589ed414f1eeb0c09928722	2026-07-18T14:53:09.164912100+02:00	2026-07-18T14:53:09.164912100+02:00	2026-07-18T14:53:09.164912100+02:00	NEW	
http://www.gazzettaufficiale.it/eli/id/2026/07/18/26A03547/sg	gazzetta	http://www.gazzettaufficiale.it/eli/id/2026/07/18/26A03547/SG	2026-07-18	26A03547	ef12c718e835b82d0520e8034df36c0717dad88301bd24a9bf639a29a6616773	2026-07-18T14:53:09.538638600+02:00	2026-07-18T14:53:09.538638600+02:00	2026-07-18T14:53:09.538638600+02:00	NEW	
http://www.gazzettaufficiale.it/eli/id/2026/07/18/26A03619/sg	gazzetta	http://www.gazzettaufficiale.it/eli/id/2026/07/18/26A03619/SG	2026-07-18	26A03619	8165d7611acec368ebd4a9239406b288d235b0dea1357d02921896734eff8efb	2026-07-18T14:53:09.869733+02:00	2026-07-18T14:53:09.869733+02:00	2026-07-18T14:53:09.869733+02:00	NEW	
http://www.gazzettaufficiale.it/eli/id/2026/07/18/26A03543/sg	gazzetta	http://www.gazzettaufficiale.it/eli/id/2026/07/18/26A03543/SG	2026-07-18	26A03543	393a2aec877cc02a3fe3c6df0e1d75f7eb38932438d655e8d5b6d53c8910f51b	2026-07-18T14:53:10.260869300+02:00	2026-07-18T14:53:10.260869300+02:00	2026-07-18T14:53:10.260869300+02:00	NEW	
http://www.gazzettaufficiale.it/eli/id/2026/07/18/26A03611/sg	gazzetta	http://www.gazzettaufficiale.it/eli/id/2026/07/18/26A03611/SG	2026-07-18	26A03611	da2726fb5d2b950923ef819fca75cb2c089e2a757eee615f2c07342e60b30d78	2026-07-18T14:53:10.612142900+02:00	2026-07-18T14:53:10.612142900+02:00	2026-07-18T14:53:10.612142900+02:00	NEW	
http://www.gazzettaufficiale.it/eli/id/2026/07/18/26A03612/sg	gazzetta	http://www.gazzettaufficiale.it/eli/id/2026/07/18/26A03612/SG	2026-07-18	26A03612	fe3e6e646dbec53732802d0da85e24a5ea562cd67325563e02611bcb7f78f77f	2026-07-18T14:53:11.011704600+02:00	2026-07-18T14:53:11.011704600+02:00	2026-07-18T14:53:11.011704600+02:00	NEW	
http://www.gazzettaufficiale.it/eli/id/2026/07/18/26A03560/sg	gazzetta	http://www.gazzettaufficiale.it/eli/id/2026/07/18/26A03560/SG	2026-07-18	26A03560	0f8da419b2241c6834fcc8e0ee8d4f07fbbc664eaf7a290964d5dd83f44b8dbb	2026-07-18T14:53:11.363774600+02:00	2026-07-18T14:53:11.363774600+02:00	2026-07-18T14:53:11.363774600+02:00	NEW	
http://www.gazzettaufficiale.it/eli/id/2026/07/18/26A03561/sg	gazzetta	http://www.gazzettaufficiale.it/eli/id/2026/07/18/26A03561/SG	2026-07-18	26A03561	e673eebaf4e2413c84728493682aed16aa1b76206af02dfc0dcb6e0d8f980833	2026-07-18T14:53:11.675872900+02:00	2026-07-18T14:53:11.675872900+02:00	2026-07-18T14:53:11.675872900+02:00	NEW	
http://www.gazzettaufficiale.it/eli/id/2026/07/18/26A03567/sg	gazzetta	http://www.gazzettaufficiale.it/eli/id/2026/07/18/26A03567/SG	2026-07-18	26A03567	42990192fab3f084cc76069fbdb5888da6c0fb9a182026c4a9055f799bf010fc	2026-07-18T14:53:11.975872+02:00	2026-07-18T14:53:11.975872+02:00	2026-07-18T14:53:11.975872+02:00	NEW	
http://www.gazzettaufficiale.it/eli/id/2026/07/18/26A03568/sg	gazzetta	http://www.gazzettaufficiale.it/eli/id/2026/07/18/26A03568/SG	2026-07-18	26A03568	3b9114443391b2ff4f16b16b0d49fedb66380613ccb9c1bc6bd87b17b82b4254	2026-07-18T14:53:12.242956200+02:00	2026-07-18T14:53:12.242956200+02:00	2026-07-18T14:53:12.242956200+02:00	NEW	
http://www.gazzettaufficiale.it/eli/id/2026/07/18/26A03542/sg	gazzetta	http://www.gazzettaufficiale.it/eli/id/2026/07/18/26A03542/SG	2026-07-18	26A03542	940451488ced403ff077c28be241331668fc313816fb34dd4f4e9b99fb92cf9c	2026-07-18T14:53:12.560023400+02:00	2026-07-18T14:53:12.560023400+02:00	2026-07-18T14:53:12.560023400+02:00	NEW	
http://www.gazzettaufficiale.it/eli/id/2026/07/28/26G00150/sg	gazzetta	http://www.gazzettaufficiale.it/eli/id/2026/07/28/26G00150/SG	2026-07-28	26G00150	0cb70d56e26401de59f6cbbdcfa83ba9555dd95cfe69bc5e94822f51b60ba54b	2026-07-29T09:55:16.552845700+02:00	2026-07-29T09:55:16.552845700+02:00	2026-07-29T09:55:16.552845700+02:00	NEW	
http://www.gazzettaufficiale.it/eli/id/2026/07/28/26A03734/sg	gazzetta	http://www.gazzettaufficiale.it/eli/id/2026/07/28/26A03734/SG	2026-07-28	26A03734	cd6a38bffdd16f7d3c7611907d2230d35063df64b4057610af28762303697b14	2026-07-29T09:55:16.857204800+02:00	2026-07-29T09:55:16.857204800+02:00	2026-07-29T09:55:16.857204800+02:00	NEW	
http://www.gazzettaufficiale.it/eli/id/2026/07/28/26A03733/sg	gazzetta	http://www.gazzettaufficiale.it/eli/id/2026/07/28/26A03733/SG	2026-07-28	26A03733	67b0350e8bba17547c5f405748a858456da7fb8a421593028616ef275606bcc7	2026-07-29T09:55:17.397364900+02:00	2026-07-29T09:55:17.397364900+02:00	2026-07-29T09:55:17.397364900+02:00	NEW	
http://www.gazzettaufficiale.it/eli/id/2026/07/28/26A03691/sg	gazzetta	http://www.gazzettaufficiale.it/eli/id/2026/07/28/26A03691/SG	2026-07-28	26A03691	4be9f48bb68b75306605cf6f1742627ecf353f844fc1efb3339b8e1869f653a3	2026-07-29T09:55:17.657884900+02:00	2026-07-29T09:55:17.657884900+02:00	2026-07-29T09:55:17.657884900+02:00	NEW	
http://www.gazzettaufficiale.it/eli/id/2026/07/28/26A03741/sg	gazzetta	http://www.gazzettaufficiale.it/eli/id/2026/07/28/26A03741/SG	2026-07-28	26A03741	78d2039f65833acabff3adacc27c81150e7a95cf55acf787cd05ec6a3ab479c4	2026-07-29T09:55:17.906678100+02:00	2026-07-29T09:55:17.906678100+02:00	2026-07-29T09:55:17.906678100+02:00	NEW	
http://www.gazzettaufficiale.it/eli/id/2026/07/28/26A03764/sg	gazzetta	http://www.gazzettaufficiale.it/eli/id/2026/07/28/26A03764/SG	2026-07-28	26A03764	71517f4e97a3d06fbf1f4792deeb2e2b24062e5b4b4f09c8d1909643691e9de6	2026-07-29T09:55:18.090100100+02:00	2026-07-29T09:55:18.090100100+02:00	2026-07-29T09:55:18.090100100+02:00	NEW	
http://www.gazzettaufficiale.it/eli/id/2026/07/28/26A03750/sg	gazzetta	http://www.gazzettaufficiale.it/eli/id/2026/07/28/26A03750/SG	2026-07-28	26A03750	87196b3cfaf0b47d5cb4e1ca0b7d1a5a411f9f974ed6e3dc1b16b18103e76714	2026-07-29T09:55:18.349431200+02:00	2026-07-29T09:55:18.349431200+02:00	2026-07-29T09:55:18.349431200+02:00	NEW	
http://www.gazzettaufficiale.it/eli/id/2026/07/28/26A03765/sg	gazzetta	http://www.gazzettaufficiale.it/eli/id/2026/07/28/26A03765/SG	2026-07-28	26A03765	dc4f96aeb0abe67c2860f0f0c27e22e65027b82a5e5642f46182821eac047645	2026-07-29T09:55:18.606166800+02:00	2026-07-29T09:55:18.606166800+02:00	2026-07-29T09:55:18.606166800+02:00	NEW	
http://www.gazzettaufficiale.it/eli/id/2026/07/28/26A03768/sg	gazzetta	http://www.gazzettaufficiale.it/eli/id/2026/07/28/26A03768/SG	2026-07-28	26A03768	436900bfaef8a0712448bc34ce76be0683f22cf2ef6a08f1bdbe2f778d17b678	2026-07-29T09:55:18.841534200+02:00	2026-07-29T09:55:18.841534200+02:00	2026-07-29T09:55:18.841534200+02:00	NEW	
http://www.gazzettaufficiale.it/eli/id/2026/07/28/26A03752/sg	gazzetta	http://www.gazzettaufficiale.it/eli/id/2026/07/28/26A03752/SG	2026-07-28	26A03752	cda991e2d9430e10b12f144dde5138365948ed7b1bccbab4b168725bec0cfad6	2026-07-29T09:55:19.199577700+02:00	2026-07-29T09:55:19.199577700+02:00	2026-07-29T09:55:19.199577700+02:00	NEW	
http://www.gazzettaufficiale.it/eli/id/2026/07/28/26A03753/sg	gazzetta	http://www.gazzettaufficiale.it/eli/id/2026/07/28/26A03753/SG	2026-07-28	26A03753	68b91b04a5f2e850e0da67ea2027a8ac210c1de02c4b423e453ca6a88340adf6	2026-07-29T09:55:19.456576800+02:00	2026-07-29T09:55:19.456576800+02:00	2026-07-29T09:55:19.456576800+02:00	NEW	
http://www.gazzettaufficiale.it/eli/id/2026/07/28/26A03754/sg	gazzetta	http://www.gazzettaufficiale.it/eli/id/2026/07/28/26A03754/SG	2026-07-28	26A03754	a95c3cade8c8f8c11dc97b0a1f5cc93d9fa42013185b01b2ae905055e6ea1b43	2026-07-29T09:55:19.752406500+02:00	2026-07-29T09:55:19.752406500+02:00	2026-07-29T09:55:19.752406500+02:00	NEW	
http://www.gazzettaufficiale.it/eli/id/2026/07/28/26A03728/sg	gazzetta	http://www.gazzettaufficiale.it/eli/id/2026/07/28/26A03728/SG	2026-07-28	26A03728	ec56179c0a9c0f62bd5045722bad23c7a6657e52bfdd3a43829184100ce72d7c	2026-07-29T09:55:20.049549400+02:00	2026-07-29T09:55:20.049549400+02:00	2026-07-29T09:55:20.049549400+02:00	NEW	
http://www.gazzettaufficiale.it/eli/id/2026/07/28/26A03729/sg	gazzetta	http://www.gazzettaufficiale.it/eli/id/2026/07/28/26A03729/SG	2026-07-28	26A03729	177794f7b76d1141e7beb21b2c16018a870d16f4c7a2fb36406e57bc4b273a41	2026-07-29T09:55:20.271652800+02:00	2026-07-29T09:55:20.271652800+02:00	2026-07-29T09:55:20.271652800+02:00	NEW	
http://www.gazzettaufficiale.it/eli/id/2026/07/28/26A03730/sg	gazzetta	http://www.gazzettaufficiale.it/eli/id/2026/07/28/26A03730/SG	2026-07-28	26A03730	32273c8d5f70f190ce2025379e48a017f6b765ff7cde9b1bceb63614b8144a38	2026-07-29T09:55:20.470640800+02:00	2026-07-29T09:55:20.470640800+02:00	2026-07-29T09:55:20.470640800+02:00	NEW	
http://www.gazzettaufficiale.it/eli/id/2026/07/28/26A03761/sg	gazzetta	http://www.gazzettaufficiale.it/eli/id/2026/07/28/26A03761/SG	2026-07-28	26A03761	b858ef4f4ab1c0fa08e4d896b49c48ad71da314a300892c41e7567a983f59e3d	2026-07-29T09:55:20.757336600+02:00	2026-07-29T09:55:20.757336600+02:00	2026-07-29T09:55:20.757336600+02:00	NEW	
http://www.gazzettaufficiale.it/eli/id/2026/07/28/26A03766/sg	gazzetta	http://www.gazzettaufficiale.it/eli/id/2026/07/28/26A03766/SG	2026-07-28	26A03766	e380dd9d5918a48432b3f19dd964e0cb80ce6afff236513e46cbb949e5a22fd3	2026-07-29T09:55:21.049668100+02:00	2026-07-29T09:55:21.049668100+02:00	2026-07-29T09:55:21.049668100+02:00	NEW	
http://www.gazzettaufficiale.it/eli/id/2026/07/28/26A03767/sg	gazzetta	http://www.gazzettaufficiale.it/eli/id/2026/07/28/26A03767/SG	2026-07-28	26A03767	ac391065e093737607771de10764a60df4cb3a732e9d28d1bddfe7c5672baef8	2026-07-29T09:55:21.274484100+02:00	2026-07-29T09:55:21.274484100+02:00	2026-07-29T09:55:21.274484100+02:00	NEW	
http://www.gazzettaufficiale.it/eli/id/2026/07/28/26A03742/sg	gazzetta	http://www.gazzettaufficiale.it/eli/id/2026/07/28/26A03742/SG	2026-07-28	26A03742	6275d6a9b5e29603fa93e8d711ef0fa3fdebe4538fc1bc960e6bd4cb30f29c42	2026-07-29T09:55:21.538168700+02:00	2026-07-29T09:55:21.538168700+02:00	2026-07-29T09:55:21.538168700+02:00	NEW	
http://www.gazzettaufficiale.it/eli/id/2026/07/28/26A03751/sg	gazzetta	http://www.gazzettaufficiale.it/eli/id/2026/07/28/26A03751/SG	2026-07-28	26A03751	2a6671a532126cc1832e040d404666bb0677852efdd8982de47fab0f439a6091	2026-07-29T09:55:21.809123600+02:00	2026-07-29T09:55:21.809123600+02:00	2026-07-29T09:55:21.809123600+02:00	NEW	
http://www.gazzettaufficiale.it/eli/id/2026/07/28/26A03732/sg	gazzetta	http://www.gazzettaufficiale.it/eli/id/2026/07/28/26A03732/SG	2026-07-28	26A03732	9c7fcc53de9f8b0853dad5393522bd8244d9a78f3481183aa3f1c449fbd610ed	2026-07-29T09:55:22.196470600+02:00	2026-07-29T09:55:22.196470600+02:00	2026-07-29T09:55:22.196470600+02:00	NEW	
http://www.gazzettaufficiale.it/eli/id/2026/08/11/26G00159/sg	gazzetta	http://www.gazzettaufficiale.it/eli/id/2026/08/11/26G00159/SG	2026-08-11	26G00159	6fd20d92a6027a0a496962ea1597564c9c5c996cba6683fedbfb99570982dc2d	2026-08-12T13:27:09.556303+02:00	2026-08-12T13:27:09.556303+02:00	2026-08-12T13:27:09.556303+02:00	NEW	
http://www.gazzettaufficiale.it/eli/id/2026/08/11/26A03920/sg	gazzetta	http://www.gazzettaufficiale.it/eli/id/2026/08/11/26A03920/SG	2026-08-11	26A03920	ce1a966d15521676d546b4e30945999f943d0a1fbdbcf0dabc0e921f3660f46d	2026-08-12T13:27:10.042662800+02:00	2026-08-12T13:27:10.042662800+02:00	2026-08-12T13:27:10.042662800+02:00	NEW	
http://www.gazzettaufficiale.it/eli/id/2026/08/11/26A03984/sg	gazzetta	http://www.gazzettaufficiale.it/eli/id/2026/08/11/26A03984/SG	2026-08-11	26A03984	cef90adbd0c2280e5796c20d69fd44d622fe4705743d53f053d83b5787a81b62	2026-08-12T13:27:10.284194800+02:00	2026-08-12T13:27:10.284194800+02:00	2026-08-12T13:27:10.284194800+02:00	NEW	
http://www.gazzettaufficiale.it/eli/id/2026/08/11/26A03951/sg	gazzetta	http://www.gazzettaufficiale.it/eli/id/2026/08/11/26A03951/SG	2026-08-11	26A03951	f160815123e9abcb0ab0d5e51d9aafc513b7497aa6b99b018fef73be24881d5e	2026-08-12T13:27:10.564215500+02:00	2026-08-12T13:27:10.564215500+02:00	2026-08-12T13:27:10.564215500+02:00	NEW	
http://www.gazzettaufficiale.it/eli/id/2026/08/11/26A03983/sg	gazzetta	http://www.gazzettaufficiale.it/eli/id/2026/08/11/26A03983/SG	2026-08-11	26A03983	128fa25f93c3745b348542bd7f5385665211fb80d31f3772cb0ad4f3e8d0392f	2026-08-12T13:27:10.844895800+02:00	2026-08-12T13:27:10.844895800+02:00	2026-08-12T13:27:10.844895800+02:00	NEW	
http://www.gazzettaufficiale.it/eli/id/2026/08/11/26A04231/sg	gazzetta	http://www.gazzettaufficiale.it/eli/id/2026/08/11/26A04231/SG	2026-08-11	26A04231	2a79ff4d92198278f206bdcffdd1d5d9c8cc5f1b8c2df22388d47de2fa071834	2026-08-12T13:27:11.103158300+02:00	2026-08-12T13:27:11.103158300+02:00	2026-08-12T13:27:11.103158300+02:00	NEW	
http://www.gazzettaufficiale.it/eli/id/2026/08/11/26A03923/sg	gazzetta	http://www.gazzettaufficiale.it/eli/id/2026/08/11/26A03923/SG	2026-08-11	26A03923	6481940c5618b0d6d7bb8a617c67c33158d3aa50e0a7b6d31a78d0fb2406a277	2026-08-12T13:27:11.416907500+02:00	2026-08-12T13:27:11.416907500+02:00	2026-08-12T13:27:11.416907500+02:00	NEW	
http://www.gazzettaufficiale.it/eli/id/2026/08/11/26A03921/sg	gazzetta	http://www.gazzettaufficiale.it/eli/id/2026/08/11/26A03921/SG	2026-08-11	26A03921	bf717d0d06d760730af4376e4eb6182ff25458d2d5f7a394438ac4ac87b27f1d	2026-08-12T13:27:11.688870600+02:00	2026-08-12T13:27:11.688870600+02:00	2026-08-12T13:27:11.688870600+02:00	NEW	
http://www.gazzettaufficiale.it/eli/id/2026/08/11/26A03922/sg	gazzetta	http://www.gazzettaufficiale.it/eli/id/2026/08/11/26A03922/SG	2026-08-11	26A03922	50322eadc36d22d02a6f81548156669d05c991bbcc646dee1fa0abab09361914	2026-08-12T13:27:11.948377400+02:00	2026-08-12T13:27:11.948377400+02:00	2026-08-12T13:27:11.948377400+02:00	NEW	
http://www.gazzettaufficiale.it/eli/id/2026/08/11/26A04030/sg	gazzetta	http://www.gazzettaufficiale.it/eli/id/2026/08/11/26A04030/SG	2026-08-11	26A04030	67011cac02c78463bb58b524d4debe4c335453cf9797fbe0c8f0ca21dff13634	2026-08-12T13:27:12.195413100+02:00	2026-08-12T13:27:12.195413100+02:00	2026-08-12T13:27:12.195413100+02:00	NEW	
http://www.gazzettaufficiale.it/eli/id/2026/08/11/26A04003/sg	gazzetta	http://www.gazzettaufficiale.it/eli/id/2026/08/11/26A04003/SG	2026-08-11	26A04003	4182d38e774191e201a3ff51fe34ea5f5c522149c0082abe7722507ba539d60e	2026-08-12T13:27:12.481314+02:00	2026-08-12T13:27:12.481314+02:00	2026-08-12T13:27:12.481314+02:00	NEW	
http://www.gazzettaufficiale.it/eli/id/2026/08/11/26A04063/sg	gazzetta	http://www.gazzettaufficiale.it/eli/id/2026/08/11/26A04063/SG	2026-08-11	26A04063	ab02cff2b70cff17c799b4953e016ee0cf116c4123901702bdc9eae01f9ee634	2026-08-12T13:27:12.708737900+02:00	2026-08-12T13:27:12.708737900+02:00	2026-08-12T13:27:12.708737900+02:00	NEW	
http://www.gazzettaufficiale.it/eli/id/2026/08/11/26A03846/sg	gazzetta	http://www.gazzettaufficiale.it/eli/id/2026/08/11/26A03846/SG	2026-08-11	26A03846	200f54f0a90ee601dd212a03f675cd2cc50f74e3c3bbc7b89a091116b756b89b	2026-08-12T13:27:12.942777900+02:00	2026-08-12T13:27:12.942777900+02:00	2026-08-12T13:27:12.942777900+02:00	NEW	
http://www.gazzettaufficiale.it/eli/id/2026/08/11/26A03897/sg	gazzetta	http://www.gazzettaufficiale.it/eli/id/2026/08/11/26A03897/SG	2026-08-11	26A03897	161c4068e20859d44661669603d56db91c48ce99fb71a1f4433dc2818b9c60dc	2026-08-12T13:27:13.165350400+02:00	2026-08-12T13:27:13.165350400+02:00	2026-08-12T13:27:13.165350400+02:00	NEW	
http://www.gazzettaufficiale.it/eli/id/2026/08/11/26A03898/sg	gazzetta	http://www.gazzettaufficiale.it/eli/id/2026/08/11/26A03898/SG	2026-08-11	26A03898	d6ebc5f47d7e068c6202a3065929d0edac68217d061f4383dcaf9d35df9c9e45	2026-08-12T13:27:13.454157+02:00	2026-08-12T13:27:13.454157+02:00	2026-08-12T13:27:13.454157+02:00	NEW	
http://www.gazzettaufficiale.it/eli/id/2026/08/11/26A03899/sg	gazzetta	http://www.gazzettaufficiale.it/eli/id/2026/08/11/26A03899/SG	2026-08-11	26A03899	a0cf2b87345a59d9e418547f6f34b24e6e3c0fee52e4e2e12f10cfa6e66e1399	2026-08-12T13:27:13.731799300+02:00	2026-08-12T13:27:13.731799300+02:00	2026-08-12T13:27:13.731799300+02:00	NEW	
http://www.gazzettaufficiale.it/eli/id/2026/08/11/26A03900/sg	gazzetta	http://www.gazzettaufficiale.it/eli/id/2026/08/11/26A03900/SG	2026-08-11	26A03900	30d61d481629e94a581ab3128000335323e2b7582e57ec622dfbab2d71fa56cf	2026-08-12T13:27:14.041981+02:00	2026-08-12T13:27:14.041981+02:00	2026-08-12T13:27:14.041981+02:00	NEW	
http://www.gazzettaufficiale.it/eli/id/2026/08/11/26A03901/sg	gazzetta	http://www.gazzettaufficiale.it/eli/id/2026/08/11/26A03901/SG	2026-08-11	26A03901	1cb6f5d6f444599c090ae793e31fef135457c3e94c1f4e77553c6b9f4fa94a61	2026-08-12T13:27:14.362696+02:00	2026-08-12T13:27:14.362696+02:00	2026-08-12T13:27:14.362696+02:00	NEW	
http://www.gazzettaufficiale.it/eli/id/2026/08/11/26A03902/sg	gazzetta	http://www.gazzettaufficiale.it/eli/id/2026/08/11/26A03902/SG	2026-08-11	26A03902	21cd00f43c9d40ba6a233b66c4715c3d04cf38999a33943a6dd4117ebbaf316c	2026-08-12T13:27:14.713864900+02:00	2026-08-12T13:27:14.713864900+02:00	2026-08-12T13:27:14.713864900+02:00	NEW	
http://www.gazzettaufficiale.it/eli/id/2026/08/11/26A04109/sg	gazzetta	http://www.gazzettaufficiale.it/eli/id/2026/08/11/26A04109/SG	2026-08-11	26A04109	b40fef85f4db5d9733be1c30f247b0b44c061495b4bbd10fc782bbbd1e1279f0	2026-08-12T13:27:15.015297900+02:00	2026-08-12T13:27:15.015297900+02:00	2026-08-12T13:27:15.015297900+02:00	NEW	
http://www.gazzettaufficiale.it/eli/id/2026/08/11/26A04005/sg	gazzetta	http://www.gazzettaufficiale.it/eli/id/2026/08/11/26A04005/SG	2026-08-11	26A04005	2d16fbe8d2bd02efa575a5033bea126ccd2a05b965cde066553eb9f496dca395	2026-08-12T13:27:15.252474500+02:00	2026-08-12T13:27:15.252474500+02:00	2026-08-12T13:27:15.252474500+02:00	NEW	
http://www.gazzettaufficiale.it/eli/id/2026/08/11/26A03985/sg	gazzetta	http://www.gazzettaufficiale.it/eli/id/2026/08/11/26A03985/SG	2026-08-11	26A03985	31931dddc392964376b31e933af5e8dc631a3026bccf229566d5feaebee4fef4	2026-08-12T13:27:15.544387200+02:00	2026-08-12T13:27:15.544387200+02:00	2026-08-12T13:27:15.544387200+02:00	NEW	
http://www.gazzettaufficiale.it/eli/id/2026/08/11/26A04004/sg	gazzetta	http://www.gazzettaufficiale.it/eli/id/2026/08/11/26A04004/SG	2026-08-11	26A04004	bcf7405fb30afcf9ae1dea6332b94cf4107c1a29ad47bcfab1c5d7d4344e676e	2026-08-12T13:27:15.877835500+02:00	2026-08-12T13:27:15.877835500+02:00	2026-08-12T13:27:15.877835500+02:00	NEW	
http://www.gazzettaufficiale.it/eli/id/2026/08/11/26A04108/sg	gazzetta	http://www.gazzettaufficiale.it/eli/id/2026/08/11/26A04108/SG	2026-08-11	26A04108	bbee785efc632b48a4fdeab2a222ce11dce184e669513152edd19c5ce55d46ae	2026-08-12T13:27:16.218175700+02:00	2026-08-12T13:27:16.218175700+02:00	2026-08-12T13:27:16.218175700+02:00	NEW	
http://www.gazzettaufficiale.it/eli/id/2026/08/11/26A03903/sg	gazzetta	http://www.gazzettaufficiale.it/eli/id/2026/08/11/26A03903/SG	2026-08-11	26A03903	0a455e64d09679d244e131d14531057e6d681644c5eb8579e9b8d72d61e0a14f	2026-08-12T13:27:16.439538900+02:00	2026-08-12T13:27:16.439538900+02:00	2026-08-12T13:27:16.439538900+02:00	NEW	
http://www.gazzettaufficiale.it/eli/id/2026/08/11/26A04029/sg	gazzetta	http://www.gazzettaufficiale.it/eli/id/2026/08/11/26A04029/SG	2026-08-11	26A04029	fc515b4115c555cbba4158fad9a0faeb8a9b1052cdb43be0dfa0390a26609c8e	2026-08-12T13:27:16.697851+02:00	2026-08-12T13:27:16.697851+02:00	2026-08-12T13:27:16.697851+02:00	NEW	
http://www.gazzettaufficiale.it/eli/id/2026/08/11/26G00168/sg	gazzetta	http://www.gazzettaufficiale.it/eli/id/2026/08/11/26G00168/SG	2026-08-11	26G00168	061a912daa7e632da8b1692392c61b1ee107977d039a2ce6031e6e6d550cf809	2026-08-12T13:27:17.031268100+02:00	2026-08-12T13:27:17.031268100+02:00	2026-08-12T13:27:17.031268100+02:00	NEW	
http://www.gazzettaufficiale.it/eli/id/2026/08/11/26G00169/sg	gazzetta	http://www.gazzettaufficiale.it/eli/id/2026/08/11/26G00169/SG	2026-08-11	26G00169	188105ba8afebf8ed8022ab3beca11ff1fb7b077983e87b0566beefd4bd1c2e4	2026-08-12T13:27:17.351410700+02:00	2026-08-12T13:27:17.351410700+02:00	2026-08-12T13:27:17.351410700+02:00	NEW	
http://www.gazzettaufficiale.it/eli/id/2026/08/11/26G00170/sg	gazzetta	http://www.gazzettaufficiale.it/eli/id/2026/08/11/26G00170/SG	2026-08-11	26G00170	138dcc26c44557d8727dda3b458f87b1741eeaaa8c6b2250808c20d6bacd02e0	2026-08-12T13:27:17.651630+02:00	2026-08-12T13:27:17.651630+02:00	2026-08-12T13:27:17.651630+02:00	NEW	
http://www.gazzettaufficiale.it/eli/id/2026/08/28/26G00174/sg	gazzetta	http://www.gazzettaufficiale.it/eli/id/2026/08/28/26G00174/SG	2026-08-28	26G00174	d5241ce0950ce9fb6d311f98879ec558c217ffc797b9167c088851844d19f895	2026-08-29T03:11:49.250103200+02:00	2026-08-29T03:11:49.250103200+02:00	2026-08-29T03:11:49.250103200+02:00	NEW	
http://www.gazzettaufficiale.it/eli/id/2026/08/28/26A04294/sg	gazzetta	http://www.gazzettaufficiale.it/eli/id/2026/08/28/26A04294/SG	2026-08-28	26A04294	965ae6d1265f796505c9fdc5895ab4ca6a0a96f6fbee666179dba5a0904ece76	2026-08-29T03:11:49.489411400+02:00	2026-08-29T03:11:49.489411400+02:00	2026-08-29T03:11:49.489411400+02:00	NEW	
http://www.gazzettaufficiale.it/eli/id/2026/08/28/26A04293/sg	gazzetta	http://www.gazzettaufficiale.it/eli/id/2026/08/28/26A04293/SG	2026-08-28	26A04293	e3f29b4bf784d5d7cebaf1b892a7ec3b82dab9b336cc4ed26da19d05dd531aed	2026-08-29T03:11:49.749041+02:00	2026-08-29T03:11:49.749041+02:00	2026-08-29T03:11:49.749041+02:00	NEW	
http://www.gazzettaufficiale.it/eli/id/2026/08/28/26A04450/sg	gazzetta	http://www.gazzettaufficiale.it/eli/id/2026/08/28/26A04450/SG	2026-08-28	26A04450	f7917ff599c74dfdf44b373f8c0e486e51c2f0d84e4427aa64ca52ef822fd693	2026-08-29T03:11:50.029118700+02:00	2026-08-29T03:11:50.029118700+02:00	2026-08-29T03:11:50.029118700+02:00	NEW	
http://www.gazzettaufficiale.it/eli/id/2026/08/28/26A04295/sg	gazzetta	http://www.gazzettaufficiale.it/eli/id/2026/08/28/26A04295/SG	2026-08-28	26A04295	618d93ee475d55f4c4f79edf805876ad1e9af575902bbb24fe1c1c6517446d49	2026-08-29T03:11:50.251267+02:00	2026-08-29T03:11:50.251267+02:00	2026-08-29T03:11:50.251267+02:00	NEW	
http://www.gazzettaufficiale.it/eli/id/2026/08/28/26A04616/sg	gazzetta	http://www.gazzettaufficiale.it/eli/id/2026/08/28/26A04616/SG	2026-08-28	26A04616	85b31e93348897180e17d8c71206d08c4d3824b70c528648a852beff1a48bfa7	2026-08-29T03:11:50.496674+02:00	2026-08-29T03:11:50.496674+02:00	2026-08-29T03:11:50.496674+02:00	NEW	
http://www.gazzettaufficiale.it/eli/id/2026/08/28/26A04193/sg	gazzetta	http://www.gazzettaufficiale.it/eli/id/2026/08/28/26A04193/SG	2026-08-28	26A04193	49753242e7f23ebd42ee06780d09df9857345cb46499d43b42d4730896b3dfda	2026-08-29T03:11:50.780027700+02:00	2026-08-29T03:11:50.780027700+02:00	2026-08-29T03:11:50.780027700+02:00	NEW	
http://www.gazzettaufficiale.it/eli/id/2026/08/28/26A04194/sg	gazzetta	http://www.gazzettaufficiale.it/eli/id/2026/08/28/26A04194/SG	2026-08-28	26A04194	b25ca7f666a21e094d495b096ebd9ee4c53022282cab6fb2db9bb89a9fded398	2026-08-29T03:11:51.072902900+02:00	2026-08-29T03:11:51.072902900+02:00	2026-08-29T03:11:51.072902900+02:00	NEW	
http://www.gazzettaufficiale.it/eli/id/2026/08/28/26A04195/sg	gazzetta	http://www.gazzettaufficiale.it/eli/id/2026/08/28/26A04195/SG	2026-08-28	26A04195	2ebcb4594036e0838f156af44933e180928a04b51e4a3e8970c36957473749cc	2026-08-29T03:11:51.302864100+02:00	2026-08-29T03:11:51.302864100+02:00	2026-08-29T03:11:51.302864100+02:00	NEW	
http://www.gazzettaufficiale.it/eli/id/2026/08/28/26A04196/sg	gazzetta	http://www.gazzettaufficiale.it/eli/id/2026/08/28/26A04196/SG	2026-08-28	26A04196	7e9911001aa5912fcb7be6c34c5abeecbc9c3e2619df9de04a7409d3f2e37ad4	2026-08-29T03:11:51.528928100+02:00	2026-08-29T03:11:51.528928100+02:00	2026-08-29T03:11:51.528928100+02:00	NEW	
http://www.gazzettaufficiale.it/eli/id/2026/08/28/26A04197/sg	gazzetta	http://www.gazzettaufficiale.it/eli/id/2026/08/28/26A04197/SG	2026-08-28	26A04197	8316d464a3eb3786da98ba29bf486ab7ef8e4722f5adf1f14fc2f880464985a7	2026-08-29T03:11:51.776060100+02:00	2026-08-29T03:11:51.776060100+02:00	2026-08-29T03:11:51.776060100+02:00	NEW	
http://www.gazzettaufficiale.it/eli/id/2026/08/28/26A04198/sg	gazzetta	http://www.gazzettaufficiale.it/eli/id/2026/08/28/26A04198/SG	2026-08-28	26A04198	6d1e9e8e589f40fb4d195817747047e708c3cbbc53684af2820829203a8a440c	2026-08-29T03:11:52.086708300+02:00	2026-08-29T03:11:52.086708300+02:00	2026-08-29T03:11:52.086708300+02:00	NEW	
http://www.gazzettaufficiale.it/eli/id/2026/08/28/26A04304/sg	gazzetta	http://www.gazzettaufficiale.it/eli/id/2026/08/28/26A04304/SG	2026-08-28	26A04304	f3e665419bbd2e98faa4ff91ebd24acbb7669cfe4a3f10b2159041f0253bbf02	2026-08-29T03:11:52.332091400+02:00	2026-08-29T03:11:52.332091400+02:00	2026-08-29T03:11:52.332091400+02:00	NEW	
http://www.gazzettaufficiale.it/eli/id/2026/08/28/26A04408/sg	gazzetta	http://www.gazzettaufficiale.it/eli/id/2026/08/28/26A04408/SG	2026-08-28	26A04408	2656fbafc5afeb845275a182ef6fe2725a15bfb9abc06a35ddf5ab53ee333e0f	2026-08-29T03:11:52.546834+02:00	2026-08-29T03:11:52.546834+02:00	2026-08-29T03:11:52.546834+02:00	NEW	
http://www.gazzettaufficiale.it/eli/id/2026/08/28/26A04409/sg	gazzetta	http://www.gazzettaufficiale.it/eli/id/2026/08/28/26A04409/SG	2026-08-28	26A04409	a6ef5380fdf10eac865fe926e634af6c1769935ef01219bfc14422fdac1ff910	2026-08-29T03:11:52.766960900+02:00	2026-08-29T03:11:52.766960900+02:00	2026-08-29T03:11:52.766960900+02:00	NEW	
http://www.gazzettaufficiale.it/eli/id/2026/08/28/26A04296/sg	gazzetta	http://www.gazzettaufficiale.it/eli/id/2026/08/28/26A04296/SG	2026-08-28	26A04296	fa5f2ffe921810a177d662e65468826362309ecb48ed53e60a72c1f48ff9d070	2026-08-29T03:11:52.964912700+02:00	2026-08-29T03:11:52.964912700+02:00	2026-08-29T03:11:52.964912700+02:00	NEW	
http://www.gazzettaufficiale.it/eli/id/2026/08/28/26A04451/sg	gazzetta	http://www.gazzettaufficiale.it/eli/id/2026/08/28/26A04451/SG	2026-08-28	26A04451	02ce44f23f44cdaa1ef89f347ec0c1cd189e2899cfc8c070ffac68c8c4f07a34	2026-08-29T03:11:53.182860900+02:00	2026-08-29T03:11:53.182860900+02:00	2026-08-29T03:11:53.182860900+02:00	NEW	
http://www.gazzettaufficiale.it/eli/id/2026/08/28/26A04320/sg	gazzetta	http://www.gazzettaufficiale.it/eli/id/2026/08/28/26A04320/SG	2026-08-28	26A04320	6c3cd6f761ef3f26e04412418eecca17f92a1d095d38e54ada210aafb9aebdd6	2026-08-29T03:11:53.393661600+02:00	2026-08-29T03:11:53.393661600+02:00	2026-08-29T03:11:53.393661600+02:00	NEW	
http://www.gazzettaufficiale.it/eli/id/2026/08/28/26A04321/sg	gazzetta	http://www.gazzettaufficiale.it/eli/id/2026/08/28/26A04321/SG	2026-08-28	26A04321	083215990c22cbf972b947146093ae52b86b16f02c61e5ebb09ae79615616f67	2026-08-29T03:11:53.606175+02:00	2026-08-29T03:11:53.606175+02:00	2026-08-29T03:11:53.606175+02:00	NEW	
http://www.gazzettaufficiale.it/eli/id/2026/08/28/26A04683/sg	gazzetta	http://www.gazzettaufficiale.it/eli/id/2026/08/28/26A04683/SG	2026-08-28	26A04683	42b8c25d58649451c644ca00ce2959118e5f06cb37be8fbbd28726312b35f1f0	2026-08-29T03:11:53.782844700+02:00	2026-08-29T03:11:53.782844700+02:00	2026-08-29T03:11:53.782844700+02:00	NEW	
http://www.gazzettaufficiale.it/eli/id/2026/08/29/26A04297/sg	gazzetta	http://www.gazzettaufficiale.it/eli/id/2026/08/29/26A04297/SG	2026-08-29	26A04297	57744af8bf3d8e71d786aa0a4d2b9d908537a4817116b5a710db9414e81ea421	2026-08-29T12:27:20.057194800+02:00	2026-08-29T12:27:20.057194800+02:00	2026-08-29T12:27:20.057194800+02:00	NEW	
http://www.gazzettaufficiale.it/eli/id/2026/08/29/26A04449/sg	gazzetta	http://www.gazzettaufficiale.it/eli/id/2026/08/29/26A04449/SG	2026-08-29	26A04449	a127e77c92164441cbf2927ee041f1020e8a46b03bc8372c673f7136c6099d38	2026-08-29T12:27:20.318924500+02:00	2026-08-29T12:27:20.318924500+02:00	2026-08-29T12:27:20.318924500+02:00	NEW	
http://www.gazzettaufficiale.it/eli/id/2026/08/29/26A04448/sg	gazzetta	http://www.gazzettaufficiale.it/eli/id/2026/08/29/26A04448/SG	2026-08-29	26A04448	5ee368aba5949e3803d46cb8c6249b004dad5fa4884c7b30afa024ca6eca3bd4	2026-08-29T12:27:20.555679500+02:00	2026-08-29T12:27:20.555679500+02:00	2026-08-29T12:27:20.555679500+02:00	NEW	
http://www.gazzettaufficiale.it/eli/id/2026/08/29/26A04199/sg	gazzetta	http://www.gazzettaufficiale.it/eli/id/2026/08/29/26A04199/SG	2026-08-29	26A04199	556ef198cc622d5bba2c75c851bf28eec716aa9b9bd5c7dcc606df90234f8009	2026-08-29T12:27:20.797325300+02:00	2026-08-29T12:27:20.797325300+02:00	2026-08-29T12:27:20.797325300+02:00	NEW	
http://www.gazzettaufficiale.it/eli/id/2026/08/29/26A04200/sg	gazzetta	http://www.gazzettaufficiale.it/eli/id/2026/08/29/26A04200/SG	2026-08-29	26A04200	c859baa6ecb88eea1f73bdd8ab9af16c665663cc0331ff478e3287048aa90e0c	2026-08-29T12:27:21.058450900+02:00	2026-08-29T12:27:21.058450900+02:00	2026-08-29T12:27:21.058450900+02:00	NEW	
http://www.gazzettaufficiale.it/eli/id/2026/08/29/26A04201/sg	gazzetta	http://www.gazzettaufficiale.it/eli/id/2026/08/29/26A04201/SG	2026-08-29	26A04201	b80f06ba3123d6bf5ed47ebb62e9f1f3e11a3cbf30dedd48f24159917b61d16d	2026-08-29T12:27:21.311194400+02:00	2026-08-29T12:27:21.311194400+02:00	2026-08-29T12:27:21.311194400+02:00	NEW	
http://www.gazzettaufficiale.it/eli/id/2026/08/29/26A04202/sg	gazzetta	http://www.gazzettaufficiale.it/eli/id/2026/08/29/26A04202/SG	2026-08-29	26A04202	20d38ddcb64f97981db872e05933f400f02347053111d62cc59898e178a1ae28	2026-08-29T12:27:21.521839700+02:00	2026-08-29T12:27:21.521839700+02:00	2026-08-29T12:27:21.521839700+02:00	NEW	
http://www.gazzettaufficiale.it/eli/id/2026/08/29/26A04203/sg	gazzetta	http://www.gazzettaufficiale.it/eli/id/2026/08/29/26A04203/SG	2026-08-29	26A04203	0c1faaa86d18f769cee6334917f786efa1d2862eebe543e71277282e040e84e5	2026-08-29T12:27:21.759144700+02:00	2026-08-29T12:27:21.759144700+02:00	2026-08-29T12:27:21.759144700+02:00	NEW	
http://www.gazzettaufficiale.it/eli/id/2026/08/29/26A04204/sg	gazzetta	http://www.gazzettaufficiale.it/eli/id/2026/08/29/26A04204/SG	2026-08-29	26A04204	db8717442dbece83015e36d8850974ab825dd89877a2e6e927af06047f2b0331	2026-08-29T12:27:21.973673600+02:00	2026-08-29T12:27:21.973673600+02:00	2026-08-29T12:27:21.973673600+02:00	NEW	
http://www.gazzettaufficiale.it/eli/id/2026/08/29/26A04298/sg	gazzetta	http://www.gazzettaufficiale.it/eli/id/2026/08/29/26A04298/SG	2026-08-29	26A04298	95c5ec95e1f4b368f0f56717449238352fb846781cb0f4fe1d0d7a1c7baa6670	2026-08-29T12:27:22.160570400+02:00	2026-08-29T12:27:22.160570400+02:00	2026-08-29T12:27:22.160570400+02:00	NEW	
http://www.gazzettaufficiale.it/eli/id/2026/08/29/26A04452/sg	gazzetta	http://www.gazzettaufficiale.it/eli/id/2026/08/29/26A04452/SG	2026-08-29	26A04452	f17b4770b7442e3054c7d41c4484be9fc675984f265df87297380e8fc6462ebf	2026-08-29T12:27:22.409717800+02:00	2026-08-29T12:27:22.409717800+02:00	2026-08-29T12:27:22.409717800+02:00	NEW	
http://www.gazzettaufficiale.it/eli/id/2026/08/29/26A04299/sg	gazzetta	http://www.gazzettaufficiale.it/eli/id/2026/08/29/26A04299/SG	2026-08-29	26A04299	13c26ad76317ce94d5a2e84286bc6c6fec0f61c717e0638c9e612709aa28fe03	2026-08-29T12:27:22.617277600+02:00	2026-08-29T12:27:22.617277600+02:00	2026-08-29T12:27:22.617277600+02:00	NEW	
http://www.gazzettaufficiale.it/eli/id/2026/08/29/26A04322/sg	gazzetta	http://www.gazzettaufficiale.it/eli/id/2026/08/29/26A04322/SG	2026-08-29	26A04322	2941ca3afe6d78979e7a43856e5e85282cde8e1cf821f307a222fcb1fe4df730	2026-08-29T12:27:22.866593500+02:00	2026-08-29T12:27:22.866593500+02:00	2026-08-29T12:27:22.866593500+02:00	NEW	
http://www.gazzettaufficiale.it/eli/id/2026/08/29/26A04323/sg	gazzetta	http://www.gazzettaufficiale.it/eli/id/2026/08/29/26A04323/SG	2026-08-29	26A04323	0151cdab24b16f20803c1e8a97330e53d683f833c521661a0334981798f1cf7b	2026-08-29T12:27:23.080704800+02:00	2026-08-29T12:27:23.080704800+02:00	2026-08-29T12:27:23.080704800+02:00	NEW	
http://www.gazzettaufficiale.it/eli/id/2026/08/29/26A04447/sg	gazzetta	http://www.gazzettaufficiale.it/eli/id/2026/08/29/26A04447/SG	2026-08-29	26A04447	f06ab6d784577520a2b1c96d0bb50300460539a153e334897c156dc0695fbe37	2026-08-29T12:27:23.303811800+02:00	2026-08-29T12:27:23.303811800+02:00	2026-08-29T12:27:23.303811800+02:00	NEW	
http://www.gazzettaufficiale.it/eli/id/2026/08/29/26A04549/sg	gazzetta	http://www.gazzettaufficiale.it/eli/id/2026/08/29/26A04549/SG	2026-08-29	26A04549	25916b8c46abc3045d2f5c22a73d2d82732a22ee201fa649041652ec134d959f	2026-08-29T12:27:23.524157200+02:00	2026-08-29T12:27:23.524157200+02:00	2026-08-29T12:27:23.524157200+02:00	NEW	
http://www.gazzettaufficiale.it/eli/id/2026/09/03/26G00172/sg	gazzetta	http://www.gazzettaufficiale.it/eli/id/2026/09/03/26G00172/SG	2026-09-03	26G00172	3372133d25fb086dfe828b6b3ba91d17e1c20d0fca0619b6e55d81acbc759761	2026-09-04T16:48:57.178417700+02:00	2026-09-04T16:48:57.178417700+02:00	2026-09-04T16:48:57.178417700+02:00	NEW	
http://www.gazzettaufficiale.it/eli/id/2026/09/03/26A04621/sg	gazzetta	http://www.gazzettaufficiale.it/eli/id/2026/09/03/26A04621/SG	2026-09-03	26A04621	29394c80558c5cbe8002f4825e6f20718e20ade77d5b2f0de8ef41f68d5f4938	2026-09-04T16:48:57.511899300+02:00	2026-09-04T16:48:57.511899300+02:00	2026-09-04T16:48:57.511899300+02:00	NEW	
http://www.gazzettaufficiale.it/eli/id/2026/09/03/26A04622/sg	gazzetta	http://www.gazzettaufficiale.it/eli/id/2026/09/03/26A04622/SG	2026-09-03	26A04622	d7c416d9a0a4d1426c997d17246a51ef7985dff6ed23db0283ad7b0b4a600543	2026-09-04T16:48:57.725386300+02:00	2026-09-04T16:48:57.725386300+02:00	2026-09-04T16:48:57.725386300+02:00	NEW	
http://www.gazzettaufficiale.it/eli/id/2026/09/03/26A04623/sg	gazzetta	http://www.gazzettaufficiale.it/eli/id/2026/09/03/26A04623/SG	2026-09-03	26A04623	50d8b90ca4a6dc36bb8ef1da9bf02844ba6b9f518b009de41d644904fd2cc210	2026-09-04T16:48:57.959931800+02:00	2026-09-04T16:48:57.959931800+02:00	2026-09-04T16:48:57.959931800+02:00	NEW	
http://www.gazzettaufficiale.it/eli/id/2026/09/03/26A04497/sg	gazzetta	http://www.gazzettaufficiale.it/eli/id/2026/09/03/26A04497/SG	2026-09-03	26A04497	2eaa3bf7c38f252076172dc37b7013818a9c1294ad97ac9da2faa7a35b82d060	2026-09-04T16:48:58.315896600+02:00	2026-09-04T16:48:58.315896600+02:00	2026-09-04T16:48:58.315896600+02:00	NEW	
http://www.gazzettaufficiale.it/eli/id/2026/09/03/26A04651/sg	gazzetta	http://www.gazzettaufficiale.it/eli/id/2026/09/03/26A04651/SG	2026-09-03	26A04651	e05a48507ae0ecf5ae7174349b1ef9f7252fa3851f3f3c8a90c1922d7297a304	2026-09-04T16:48:58.535604900+02:00	2026-09-04T16:48:58.535604900+02:00	2026-09-04T16:48:58.535604900+02:00	NEW	
http://www.gazzettaufficiale.it/eli/id/2026/09/03/26A04371/sg	gazzetta	http://www.gazzettaufficiale.it/eli/id/2026/09/03/26A04371/SG	2026-09-03	26A04371	04fa7bb9d013cdd35d3628ca26045ede341c44ee4d0670474891d75407ffffc9	2026-09-04T16:48:58.747769+02:00	2026-09-04T16:48:58.747769+02:00	2026-09-04T16:48:58.747769+02:00	NEW	
http://www.gazzettaufficiale.it/eli/id/2026/09/03/26A04372/sg	gazzetta	http://www.gazzettaufficiale.it/eli/id/2026/09/03/26A04372/SG	2026-09-03	26A04372	cb62dc7cdf4b1e2fba6359462d68f9db59adee8f2090b6f6443a1c0fcb6466f8	2026-09-04T16:48:58.973259300+02:00	2026-09-04T16:48:58.973259300+02:00	2026-09-04T16:48:58.973259300+02:00	NEW	
http://www.gazzettaufficiale.it/eli/id/2026/09/03/26A04373/sg	gazzetta	http://www.gazzettaufficiale.it/eli/id/2026/09/03/26A04373/SG	2026-09-03	26A04373	6bd772453f2714ec18b3c37dd233f2828266eceb97f679e57487b340c7f4cef3	2026-09-04T16:48:59.188230200+02:00	2026-09-04T16:48:59.188230200+02:00	2026-09-04T16:48:59.188230200+02:00	NEW	
http://www.gazzettaufficiale.it/eli/id/2026/09/03/26A04374/sg	gazzetta	http://www.gazzettaufficiale.it/eli/id/2026/09/03/26A04374/SG	2026-09-03	26A04374	cd94d74a40ea0681c3821a1d8dc5fdfcd9cd79982d61d4934c6005be77a781aa	2026-09-04T16:48:59.420170300+02:00	2026-09-04T16:48:59.420170300+02:00	2026-09-04T16:48:59.420170300+02:00	NEW	
http://www.gazzettaufficiale.it/eli/id/2026/09/03/26A04375/sg	gazzetta	http://www.gazzettaufficiale.it/eli/id/2026/09/03/26A04375/SG	2026-09-03	26A04375	feaf14ca6e96d3397ab38fc21379c0b3f9a19f9a9a270a344e3e5fb0de821261	2026-09-04T16:48:59.679258900+02:00	2026-09-04T16:48:59.679258900+02:00	2026-09-04T16:48:59.679258900+02:00	NEW	
http://www.gazzettaufficiale.it/eli/id/2026/09/03/26A04376/sg	gazzetta	http://www.gazzettaufficiale.it/eli/id/2026/09/03/26A04376/SG	2026-09-03	26A04376	1a8a138458990b8a92707b40d70646a8139c9b92d901318bc3abc8154acc7c96	2026-09-04T16:48:59.952262100+02:00	2026-09-04T16:48:59.952262100+02:00	2026-09-04T16:48:59.952262100+02:00	NEW	
http://www.gazzettaufficiale.it/eli/id/2026/09/03/26A04217/sg	gazzetta	http://www.gazzettaufficiale.it/eli/id/2026/09/03/26A04217/SG	2026-09-03	26A04217	7ee1d2ce101f9672c8306361af2b534d67f2a95ba736e0ebfca2e44c0fe2a040	2026-09-04T16:49:00.192436200+02:00	2026-09-04T16:49:00.192436200+02:00	2026-09-04T16:49:00.192436200+02:00	NEW	
http://www.gazzettaufficiale.it/eli/id/2026/09/03/26A04218/sg	gazzetta	http://www.gazzettaufficiale.it/eli/id/2026/09/03/26A04218/SG	2026-09-03	26A04218	2fdab0e70d906b5bfd681b2a555dc7f97ee0067522dc2fa137faa2f16aca52d1	2026-09-04T16:49:00.423657+02:00	2026-09-04T16:49:00.423657+02:00	2026-09-04T16:49:00.423657+02:00	NEW	
http://www.gazzettaufficiale.it/eli/id/2026/09/03/26A04330/sg	gazzetta	http://www.gazzettaufficiale.it/eli/id/2026/09/03/26A04330/SG	2026-09-03	26A04330	450470434b1626cd15849952122d5b4ed2d3b4ffa9d5565f5d5df9a9f1bcf40e	2026-09-04T16:49:00.637464+02:00	2026-09-04T16:49:00.637464+02:00	2026-09-04T16:49:00.637464+02:00	NEW	
http://www.gazzettaufficiale.it/eli/id/2026/09/03/26A04331/sg	gazzetta	http://www.gazzettaufficiale.it/eli/id/2026/09/03/26A04331/SG	2026-09-03	26A04331	447a1429a41b9c5de7196619c384024bacb9b3ec53d8cc79b8291141274c8031	2026-09-04T16:49:00.849164200+02:00	2026-09-04T16:49:00.849164200+02:00	2026-09-04T16:49:00.849164200+02:00	NEW	
http://www.gazzettaufficiale.it/eli/id/2026/09/03/26A04332/sg	gazzetta	http://www.gazzettaufficiale.it/eli/id/2026/09/03/26A04332/SG	2026-09-03	26A04332	87e11e85030a2275b34f13adbc43cb44f30dd596f2446a605d9672cacaac8955	2026-09-04T16:49:01.089794600+02:00	2026-09-04T16:49:01.089794600+02:00	2026-09-04T16:49:01.089794600+02:00	NEW	
http://www.gazzettaufficiale.it/eli/id/2026/09/03/26A04455/sg	gazzetta	http://www.gazzettaufficiale.it/eli/id/2026/09/03/26A04455/SG	2026-09-03	26A04455	804c1bd5e4d9f21b86e56a15cb7b48f493aa86fc4f8ae5ce5d0a81fa4246dd9f	2026-09-04T16:49:01.329170900+02:00	2026-09-04T16:49:01.329170900+02:00	2026-09-04T16:49:01.329170900+02:00	NEW	
http://www.gazzettaufficiale.it/eli/id/2026/09/03/26A04411/sg	gazzetta	http://www.gazzettaufficiale.it/eli/id/2026/09/03/26A04411/SG	2026-09-03	26A04411	c7158578b4f29c71a34699f6a4409075da388e562106dc59968f6bd7f663a00b	2026-09-04T16:49:01.556130400+02:00	2026-09-04T16:49:01.556130400+02:00	2026-09-04T16:49:01.556130400+02:00	NEW	
http://www.gazzettaufficiale.it/eli/id/2026/09/03/26A04412/sg	gazzetta	http://www.gazzettaufficiale.it/eli/id/2026/09/03/26A04412/SG	2026-09-03	26A04412	270ac18759db8edf978a527c01f37b36224702a93691fc4b4e9fa5d9b5539b68	2026-09-04T16:49:01.780711100+02:00	2026-09-04T16:49:01.780711100+02:00	2026-09-04T16:49:01.780711100+02:00	NEW	
http://www.gazzettaufficiale.it/eli/id/2026/09/03/26A04413/sg	gazzetta	http://www.gazzettaufficiale.it/eli/id/2026/09/03/26A04413/SG	2026-09-03	26A04413	daea6e1a445161fb4deb760369d2dfe152c17f76dcb04af4ba4c73fc145667a9	2026-09-04T16:49:02.036436700+02:00	2026-09-04T16:49:02.036436700+02:00	2026-09-04T16:49:02.036436700+02:00	NEW	
http://www.gazzettaufficiale.it/eli/id/2026/09/03/26A04456/sg	gazzetta	http://www.gazzettaufficiale.it/eli/id/2026/09/03/26A04456/SG	2026-09-03	26A04456	d26e9028887dc621b94de77cc8f6de7b14923c355acd1af67289e7d920aa1594	2026-09-04T16:49:02.263837+02:00	2026-09-04T16:49:02.263837+02:00	2026-09-04T16:49:02.263837+02:00	NEW	
http://www.gazzettaufficiale.it/eli/id/2026/09/03/26A04457/sg	gazzetta	http://www.gazzettaufficiale.it/eli/id/2026/09/03/26A04457/SG	2026-09-03	26A04457	a20e2865bb6aeeb2eb5afc5ac89016c0abff3161761467737637a79a1311bbe5	2026-09-04T16:49:02.465482200+02:00	2026-09-04T16:49:02.465482200+02:00	2026-09-04T16:49:02.465482200+02:00	NEW	
http://www.gazzettaufficiale.it/eli/id/2026/09/03/26A04458/sg	gazzetta	http://www.gazzettaufficiale.it/eli/id/2026/09/03/26A04458/SG	2026-09-03	26A04458	978c3a7badda9becbf22cfc117a9e41c98fa046175b71cd281d82ba59ab5d0dd	2026-09-04T16:49:02.708578400+02:00	2026-09-04T16:49:02.708578400+02:00	2026-09-04T16:49:02.708578400+02:00	NEW	
http://www.gazzettaufficiale.it/eli/id/2026/09/03/26A04464/sg	gazzetta	http://www.gazzettaufficiale.it/eli/id/2026/09/03/26A04464/SG	2026-09-03	26A04464	fecfff12231d27fb115832435e1bcc1b3c14cbbb3c9b99c85c122cf00a5e8b94	2026-09-04T16:49:02.950362500+02:00	2026-09-04T16:49:02.950362500+02:00	2026-09-04T16:49:02.950362500+02:00	NEW	
http://www.gazzettaufficiale.it/eli/id/2026/09/03/26A04466/sg	gazzetta	http://www.gazzettaufficiale.it/eli/id/2026/09/03/26A04466/SG	2026-09-03	26A04466	34d54f0a09c7dd92116516c57a8006784494d49ec65d1db8e9ab31081a184717	2026-09-04T16:49:03.171222500+02:00	2026-09-04T16:49:03.171222500+02:00	2026-09-04T16:49:03.171222500+02:00	NEW	
http://www.gazzettaufficiale.it/eli/id/2026/09/03/26A04219/sg	gazzetta	http://www.gazzettaufficiale.it/eli/id/2026/09/03/26A04219/SG	2026-09-03	26A04219	befea1ab069de22ebecc2c95e853304aa735607bcdea9eb10484fa203399f997	2026-09-04T16:49:03.403006500+02:00	2026-09-04T16:49:03.403006500+02:00	2026-09-04T16:49:03.403006500+02:00	NEW	
