fetched_at	file	sha256	bytes	status	source
2026-10-10T01:35:26Z	dlgs-2003-196-privacy-code/detail_urn_nir_stato_decreto.legislativo_2003-06-30;196_originale.json	4fe22f0c08c35389d74d999d192869c4d6b3d57b85bb5e004a31c9932b89181d	14195	NEW	dettaglio-atto-urn urn:nir:stato:decreto.legislativo:2003-06-30;196@originale
2026-10-10T01:35:26Z	dlgs-2003-196-privacy-code/detail_urn_nir_stato_decreto.legislativo_2003-06-30;196.json	d7a9816c45a56c8ece7e8442fb0ba242231b55e9df783916a291712d3a16cfc0	9637	NEW	dettaglio-atto-urn urn:nir:stato:decreto.legislativo:2003-06-30;196
2026-10-10T01:40:27Z	dlgs-2003-196-privacy-code/detail_urn_nir_stato_decreto.legislativo_2003-06-30;196_originale.json	4fe22f0c08c35389d74d999d192869c4d6b3d57b85bb5e004a31c9932b89181d	14195	UNCHANGED	dettaglio-atto-urn urn:nir:stato:decreto.legislativo:2003-06-30;196@originale
2026-10-10T01:40:27Z	dlgs-2003-196-privacy-code/detail_urn_nir_stato_decreto.legislativo_2003-06-30;196.json	d7a9816c45a56c8ece7e8442fb0ba242231b55e9df783916a291712d3a16cfc0	9637	UNCHANGED	dettaglio-atto-urn urn:nir:stato:decreto.legislativo:2003-06-30;196
2026-10-10T01:50:30Z	dlgs-2018-101-modifier/detail_urn_nir_stato_decreto.legislativo_2018-08-10;101_originale.json	3bc4ce75eb9470a52f17f53632f887753d39631190706d1d34359700a6a81755	20414	NEW	dettaglio-atto-urn urn:nir:stato:decreto.legislativo:2018-08-10;101@originale
2026-10-10T02:00:41Z	dl-2020-018-cura-italia/detail_urn_nir_stato_decreto.legge_2020-03-17;18_originale.json	975680c1b9c61f291f1430622536f639a3220be3c21d44b8b69666045086ec31	9035	NEW	dettaglio-atto-urn urn:nir:stato:decreto.legge:2020-03-17;18@originale
2026-10-10T10:03:51Z	l-2020-027-conversion-law/detail_urn_nir_stato_legge_2020-04-24;27_originale.json	ef951154e3b9cc3941bb6ee8391db01cd2b11ee0f09786d2021167a9cdbe6b17	7675	NEW	dettaglio-atto-urn urn:nir:stato:legge:2020-04-24;27@originale
2026-10-10T10:08:45Z	l-2020-027-conversion-law/detail_urn_nir_stato_legge_2020-04-24;27_originale.json	ef951154e3b9cc3941bb6ee8391db01cd2b11ee0f09786d2021167a9cdbe6b17	7675	UNCHANGED	dettaglio-atto-urn urn:nir:stato:legge:2020-04-24;27@originale
2026-10-10T10:09:09Z	l-2020-027-conversion-law/LEGGE_2020-04-24_27_O_AKN.zip	ed051ca1bdbcfeb9e811f8b37e5917beca2ca787df9c13053a752ad525b30336	73256	NEW	export LEGGE_2020-04-24_27_O_AKN
2026-10-10T10:38:24Z	l-2020-027-conversion-law/detail_urn_nir_stato_legge_2020-04-24;27_originale.json	ef951154e3b9cc3941bb6ee8391db01cd2b11ee0f09786d2021167a9cdbe6b17	7675	UNCHANGED	dettaglio-atto-urn urn:nir:stato:legge:2020-04-24;27@originale
2026-10-10T10:38:56Z	l-2020-027-conversion-law/LEGGE_2020-04-24_27_O_AKN.zip	4524485c91c51bdcc47863d03be5358fd2494f5e7ce643475c20079f025a1cb9	73256	CHANGED	export LEGGE_2020-04-24_27_O_AKN
2026-10-10T10:38:56Z	dl-2020-018-cura-italia/detail_urn_nir_stato_decreto.legge_2020-03-17;18_originale.json	975680c1b9c61f291f1430622536f639a3220be3c21d44b8b69666045086ec31	9035	UNCHANGED	dettaglio-atto-urn urn:nir:stato:decreto.legge:2020-03-17;18@originale
2026-10-10T10:39:19Z	dl-2020-018-cura-italia/DECRETO_LEGGE_2020-03-17_18_O_AKN.zip	160d29fe3c44734669d3771100f3f80115890bc6a94d52caeef0bf550404f42f	102807	NEW	export DECRETO_LEGGE_2020-03-17_18_O_AKN
2026-10-10T10:39:20Z	dlgs-2018-101-modifier/detail_urn_nir_stato_decreto.legislativo_2018-08-10;101_originale.json	3bc4ce75eb9470a52f17f53632f887753d39631190706d1d34359700a6a81755	20414	UNCHANGED	dettaglio-atto-urn urn:nir:stato:decreto.legislativo:2018-08-10;101@originale
2026-10-10T10:39:33Z	dlgs-2018-101-modifier/DECRETO_LEGISLATIVO_2018-08-10_101_O_AKN.zip	26f2c51b4071af6bf31cd1e21142215bc6e976dc006d959b726e6830065fd607	94708	NEW	export DECRETO_LEGISLATIVO_2018-08-10_101_O_AKN
2026-10-10T10:39:33Z	dlgs-2003-196-privacy-code/detail_urn_nir_stato_decreto.legislativo_2003-06-30;196_originale.json	4fe22f0c08c35389d74d999d192869c4d6b3d57b85bb5e004a31c9932b89181d	14195	UNCHANGED	dettaglio-atto-urn urn:nir:stato:decreto.legislativo:2003-06-30;196@originale
2026-10-10T10:39:33Z	dlgs-2003-196-privacy-code/detail_urn_nir_stato_decreto.legislativo_2003-06-30;196.json	d7a9816c45a56c8ece7e8442fb0ba242231b55e9df783916a291712d3a16cfc0	9637	UNCHANGED	dettaglio-atto-urn urn:nir:stato:decreto.legislativo:2003-06-30;196
2026-10-10T10:40:19Z	dlgs-2003-196-privacy-code/DECRETO_LEGISLATIVO_2003-06-30_196_M_AKN.zip	ac22592ff40663598cd166e5f2ab9a51152308029b1a4275a9f83272dfc7b8a2	13830132	NEW	export DECRETO_LEGISLATIVO_2003-06-30_196_M_AKN
2026-10-10T10:40:20Z	baseline-never-updated/search.json	0d06a2eb8f8815100c6041f4ed7d83f9fd5f3b08c2e4c9ad0fec716a4c0797bf	6403	NEW	ricerca/avanzata classe 1
2026-10-10T10:40:43Z	baseline-never-updated/LEGGE_2025-12-29_217_O_AKN.zip	77b04d10b4e527a0ebff1f81f2cd0261c4f307d79358d0eebeb29483c5cfd585	4214	NEW	export LEGGE_2025-12-29_217_O_AKN
