decree_codice	decree	decree_gu	status	law_codice	law	law_gu	days	C1	C2	C3	C4	C5	C6	other_candidates	decree_note_names_law	repealed_by
20G00004	DECRETO-LEGGE 2020-01-09 n. 1	2020-01-09	CONVERTED	20G00027	LEGGE 2020-03-05 n. 12	2020-03-09	60	true	true	true	true	true	true	0	LEGGE 2020-03-05 n. 12	
20G00013	DECRETO-LEGGE 2020-02-05 n. 3	2020-02-05	CONVERTED	20G00038	LEGGE 2020-04-02 n. 21	2020-04-04	59	true	true	true	true	true	true	0		
20G00020	DECRETO-LEGGE 2020-02-23 n. 6	2020-02-23	CONVERTED	20G00028	LEGGE 2020-03-05 n. 13	2020-03-09	15	true	true	true	true	true	true	0	LEGGE 2020-03-05 n. 13	
20G00026	DECRETO-LEGGE 2020-03-02 n. 9	2020-03-02	REPEALED											0		20G00045 20G00062 20G00063 20G00064 20G00066 20G00067 20G00068 20G00093 20G00091 20G00102 20G00119 20G00135 20G00136 20G00137 20G00138 20G00141 20G00165 20G00173 21G00012
20G00029	DECRETO-LEGGE 2020-03-08 n. 11	2020-03-08	REPEALED											0		20G00045 20G00062 20G00063 20G00064 20G00066 20G00067 20G00068 20G00093 20G00091 20G00102 20G00119 20G00135 20G00136 20G00137 20G00138 20G00141 20G00165 20G00173 21G00012
20G00030	DECRETO-LEGGE 2020-03-09 n. 14	2020-03-09	REPEALED											0		20G00045 20G00062 20G00063 20G00064 20G00066 20G00067 20G00068 20G00093 20G00091 20G00102 20G00119 20G00135 20G00136 20G00137 20G00138 20G00141 20G00165 20G00173 21G00012
20G00032	DECRETO-LEGGE 2020-03-11 n. 16	2020-03-13	CONVERTED	20G00049	LEGGE 2020-05-08 n. 31	2020-05-12	60	true	true	true	true	true	true	0	LEGGE 2020-05-08 n. 31	
20G00034	DECRETO-LEGGE 2020-03-17 n. 18	2020-03-17	CONVERTED	20G00045	LEGGE 2020-04-24 n. 27	2020-04-29	43	true	true	true	true	true	true	0	LEGGE 2020-04-24 n. 27	
20G00035	DECRETO-LEGGE 2020-03-25 n. 19	2020-03-25	CONVERTED	20G00057	LEGGE 2020-05-22 n. 35	2020-05-23	59	true	true	true	true	true	true	0		
20G00042	DECRETO-LEGGE 2020-04-08 n. 22	2020-04-08	CONVERTED	20G00059	LEGGE 2020-06-06 n. 41	2020-06-06	59	true	true	true	true	true	true	0	LEGGE 2020-06-06 n. 41	
20G00043	DECRETO-LEGGE 2020-04-08 n. 23	2020-04-08	CONVERTED	20G00060	LEGGE 2020-06-05 n. 40	2020-06-06	59	true	true	true	true	true	true	0	LEGGE 2020-06-05 n. 40	
20G00044	DECRETO-LEGGE 2020-04-20 n. 26	2020-04-20	CONVERTED	20G00085	LEGGE 2020-06-19 n. 59	2020-06-19	60	true	true	true	true	true	true	0	LEGGE 2020-06-19 n. 59	
20G00046	DECRETO-LEGGE 2020-04-30 n. 28	2020-04-30	CONVERTED	20G00088	LEGGE 2020-06-25 n. 70	2020-06-29	60	true	true	true	true	true	true	0	LEGGE 2020-06-25 n. 70	
20G00047	DECRETO-LEGGE 2020-05-10 n. 29	2020-05-10	REPEALED											0		20G00088
20G00048	DECRETO-LEGGE 2020-05-10 n. 30	2020-05-10	CONVERTED	20G00090	LEGGE 2020-07-02 n. 72	2020-07-09	60	true	true	true	true	true	true	0		
20G00051	DECRETO-LEGGE 2020-05-16 n. 33	2020-05-16	CONVERTED	20G00092	LEGGE 2020-07-14 n. 74	2020-07-15	60	true	true	true	true	true	true	0		
20G00052	DECRETO-LEGGE 2020-05-19 n. 34	2020-05-19	CONVERTED	20G00095	LEGGE 2020-07-17 n. 77	2020-07-18	60	true	true	true	true	true	true	3	LEGGE 2020-07-17 n. 77	
20G00078	DECRETO-LEGGE 2020-06-16 n. 52	2020-06-16	REPEALED											0		20G00095
20G00096	DECRETO-LEGGE 2020-07-16 n. 76	2020-07-16	CONVERTED	20G00139	LEGGE 2020-09-11 n. 120	2020-09-14	60	true	true	true	true	true	true	1	LEGGE 2020-09-11 n. 120	
20G00112	DECRETO-LEGGE 2020-07-30 n. 83	2020-07-30	CONVERTED	20G00143	LEGGE 2020-09-25 n. 124	2020-09-28	60	true	true	true	true	true	true	0	LEGGE 2020-09-25 n. 124	
20G00116	DECRETO-LEGGE 2020-07-31 n. 86	2020-07-31	CONVERTED	20G00117	LEGGE 2020-08-07 n. 98	2020-08-08	8	true	true	true	true	true	true	0		
20G00122	DECRETO-LEGGE 2020-08-14 n. 104	2020-08-14	CONVERTED	20G00145	LEGGE 2020-10-13 n. 126	2020-10-13	60	true	true	true	true	true	true	0	LEGGE 2020-10-13 n. 126	
20G00123	DECRETO-LEGGE 2020-08-14 n. 103	2020-08-14	REPEALED											0		20G00145
20G00134	DECRETO-LEGGE 2020-09-08 n. 111	2020-09-08	REPEALED											0		20G00145
20G00140	DECRETO-LEGGE 2020-09-11 n. 117	2020-09-12	REPEALED											0		20G00145
20G00144	DECRETO-LEGGE 2020-10-07 n. 125	2020-10-07	CONVERTED	20G00182	LEGGE 2020-11-27 n. 159	2020-12-03	57	true	true	true	true	true	true	0	LEGGE 2020-11-27 n. 159	
20G00149	DECRETO-LEGGE 2020-10-20 n. 129	2020-10-20	REPEALED											0		20G00182
20G00154	DECRETO-LEGGE 2020-10-21 n. 130	2020-10-21	CONVERTED	20G00195	LEGGE 2020-12-18 n. 173	2020-12-19	59	true	true	true	true	true	true	0	LEGGE 2020-12-18 n. 173	
20G00166	DECRETO-LEGGE 2020-10-28 n. 137	2020-10-28	CONVERTED	20G00197	LEGGE 2020-12-18 n. 176	2020-12-24	57	true	true	true	true	true	true	0	LEGGE 2020-12-18 n. 176	
20G00169	DECRETO-LEGGE 2020-11-07 n. 148	2020-11-07	REPEALED											0		20G00182
20G00170	DECRETO-LEGGE 2020-11-09 n. 149	2020-11-09	REPEALED											0		20G00197
20G00171	DECRETO-LEGGE 2020-11-10 n. 150	2020-11-10	CONVERTED	20G00204	LEGGE 2020-12-30 n. 181	2020-12-31	51	true	true	true	true	true	true	0	LEGGE 2020-12-30 n. 181	
20G00175	DECRETO-LEGGE 2020-11-23 n. 154	2020-11-23	REPEALED											0		20G00197
20G00183	DECRETO-LEGGE 2020-11-30 n. 157	2020-11-30	REPEALED											0		20G00197
20G00184	DECRETO-LEGGE 2020-12-02 n. 158	2020-12-02	REPEALED											0		21G00008
20G00196	DECRETO-LEGGE 2020-12-18 n. 172	2020-12-18	CONVERTED	21G00008	LEGGE 2021-01-29 n. 6	2021-01-30	43	true	true	true	true	true	true	0	LEGGE 2021-01-29 n. 6	
20G00205	DECRETO-LEGGE 2020-12-31 n. 182	2020-12-31	REPEALED											0		21G00025
20G00206	DECRETO-LEGGE 2020-12-31 n. 183	2020-12-31	CONVERTED	21G00025	LEGGE 2021-02-26 n. 21	2021-03-01	60	true	true	true	true	true	true	0	LEGGE 2021-02-26 n. 21	
21G00001	DECRETO-LEGGE 2021-01-05 n. 1	2021-01-05	REPEALED											0		21G00008
21G00002	DECRETO-LEGGE 2021-01-14 n. 2	2021-01-14	CONVERTED	21G00038	LEGGE 2021-03-12 n. 29	2021-03-12	57	true	true	true	true	true	true	0	LEGGE 2021-03-12 n. 29	
21G00005	DECRETO-LEGGE 2021-01-15 n. 3	2021-01-15	REPEALED											0		21G00025
21G00009	DECRETO-LEGGE 2021-01-29 n. 5	2021-01-29	CONVERTED	21G00051	LEGGE 2021-03-24 n. 43	2021-03-30	60	true	true	true	true	true	true	0		
21G00010	DECRETO-LEGGE 2021-01-30 n. 7	2021-01-30	REPEALED											0		21G00025
21G00016	DECRETO-LEGGE 2021-02-12 n. 12	2021-02-12	REPEALED											0		21G00038
21G00024	DECRETO-LEGGE 2021-02-23 n. 15	2021-02-23	REPEALED											0		21G00038
21G00028	DECRETO-LEGGE 2021-03-01 n. 22	2021-03-01	CONVERTED	21G00065	LEGGE 2021-04-22 n. 55	2021-04-29	59	true	true	true	true	true	true	0	LEGGE 2021-04-22 n. 55	
21G00032	DECRETO-LEGGE 2021-03-05 n. 25	2021-03-08	CONVERTED	21G00069	LEGGE 2021-05-03 n. 58	2021-05-07	60	true	true	true	true	true	true	0	LEGGE 2021-05-03 n. 58	
21G00040	DECRETO-LEGGE 2021-03-13 n. 30	2021-03-13	CONVERTED	21G00071	LEGGE 2021-05-06 n. 61	2021-05-12	60	true	true	true	true	true	true	0	LEGGE 2021-05-06 n. 61	
21G00041	DECRETO-LEGGE 2021-03-13 n. 31	2021-03-13	CONVERTED	21G00062	LEGGE 2021-04-15 n. 50	2021-04-20	38	true	true	true	true	true	true	0		
21G00049	DECRETO-LEGGE 2021-03-22 n. 41	2021-03-22	CONVERTED	21G00080	LEGGE 2021-05-21 n. 69	2021-05-21	60	true	true	true	true	true	true	0	LEGGE 2021-05-21 n. 69	
21G00048	DECRETO-LEGGE 2021-03-22 n. 42	2021-03-24	CONVERTED	21G00081	LEGGE 2021-05-21 n. 71	2021-05-22	59	true	true	true	true	true	true	0		
21G00055	DECRETO-LEGGE 2021-04-01 n. 45	2021-04-01	CONVERTED	21G00085	LEGGE 2021-05-17 n. 75	2021-05-28	57	true	true	true	true	true	true	0	LEGGE 2021-05-17 n. 75	
21G00056	DECRETO-LEGGE 2021-04-01 n. 44	2021-04-01	CONVERTED	21G00086	LEGGE 2021-05-28 n. 76	2021-05-31	60	true	true	true	true	true	true	0	LEGGE 2021-05-28 n. 76	
21G00064	DECRETO-LEGGE 2021-04-22 n. 52	2021-04-22	CONVERTED	21G00104	LEGGE 2021-06-17 n. 87	2021-06-21	60	true	true	true	true	true	true	0	LEGGE 2021-06-17 n. 87	
21G00066	DECRETO-LEGGE 2021-04-30 n. 56	2021-04-30	REPEALED											0		21G00104
21G00070	DECRETO-LEGGE 2021-05-06 n. 59	2021-05-07	CONVERTED	21G00111	LEGGE 2021-07-01 n. 101	2021-07-06	60	true	true	true	true	true	true	0	LEGGE 2021-07-01 n. 101	
21G00078	DECRETO-LEGGE 2021-05-18 n. 65	2021-05-18	REPEALED											0		21G00104
21G00084	DECRETO-LEGGE 2021-05-25 n. 73	2021-05-25	CONVERTED	21G00116	LEGGE 2021-07-23 n. 106	2021-07-24	60	true	true	true	true	true	true	0	LEGGE 2021-07-23 n. 106	
21G00087	DECRETO-LEGGE 2021-05-31 n. 77	2021-05-31	CONVERTED	21G00118	LEGGE 2021-07-29 n. 108	2021-07-30	60	true	true	true	true	true	true	0	LEGGE 2021-07-29 n. 108	
21G00090	DECRETO-LEGGE 2021-06-08 n. 79	2021-06-08	CONVERTED	21G00120	LEGGE 2021-07-30 n. 112	2021-08-07	60	true	true	true	true	true	true	0	LEGGE 2021-07-30 n. 112	
21G00093	DECRETO-LEGGE 2021-06-09 n. 80	2021-06-09	CONVERTED	21G00124	LEGGE 2021-08-06 n. 113	2021-08-07	59	true	true	true	true	true	true	0	LEGGE 2021-08-06 n. 113	
21G00098	DECRETO-LEGGE 2021-06-14 n. 82	2021-06-14	CONVERTED	21G00122	LEGGE 2021-08-04 n. 109	2021-08-04	51	true	true	true	true	true	true	0	LEGGE 2021-08-04 n. 109	
21G00107	DECRETO-LEGGE 2021-06-22 n. 89	2021-06-22	REPEALED											0		21G00116
21G00108	DECRETO-LEGGE 2021-06-23 n. 92	2021-06-23	REPEALED											0		21G00124
21G00110	DECRETO-LEGGE 2021-06-30 n. 99	2021-06-30	REPEALED											0		21G00116
21G00114	DECRETO-LEGGE 2021-07-20 n. 103	2021-07-20	CONVERTED	21G00135	LEGGE 2021-09-16 n. 125	2021-09-18	60	true	true	true	true	true	true	0	LEGGE 2021-09-16 n. 125	
21G00117	DECRETO-LEGGE 2021-07-23 n. 105	2021-07-23	CONVERTED	21G00136	LEGGE 2021-09-16 n. 126	2021-09-18	57	true	true	true	true	true	true	0	LEGGE 2021-09-16 n. 126	
21G00125	DECRETO-LEGGE 2021-08-06 n. 111	2021-08-06	CONVERTED	21G00143	LEGGE 2021-09-24 n. 133	2021-10-01	56	true	true	true	true	true	true	0	LEGGE 2021-09-24 n. 133	
21G00127	DECRETO-LEGGE 2021-08-17 n. 117	2021-08-23	CONVERTED	21G00155	LEGGE 2021-10-14 n. 144	2021-10-18	56	true	true	true	true	true	true	0		
21G00129	DECRETO-LEGGE 2021-08-24 n. 118	2021-08-24	CONVERTED	21G00158	LEGGE 2021-10-21 n. 147	2021-10-23	60	true	true	true	true	true	true	0	LEGGE 2021-10-21 n. 147	
21G00130	DECRETO-LEGGE 2021-09-08 n. 120	2021-09-09	CONVERTED	21G00167	LEGGE 2021-11-08 n. 155	2021-11-08	60	true	true	true	true	true	true	0	LEGGE 2021-11-08 n. 155	
21G00133	DECRETO-LEGGE 2021-09-10 n. 121	2021-09-10	CONVERTED	21G00170	LEGGE 2021-11-09 n. 156	2021-11-09	60	true	true	true	true	true	true	0	LEGGE 2021-11-09 n. 156	
21G00134	DECRETO-LEGGE 2021-09-10 n. 122	2021-09-10	REPEALED											0		21G00143
21G00139	DECRETO-LEGGE 2021-09-21 n. 127	2021-09-21	CONVERTED	21G00182	LEGGE 2021-11-19 n. 165	2021-11-20	60	true	true	true	true	true	true	0	LEGGE 2021-11-19 n. 165	
21G00141	DECRETO-LEGGE 2021-09-27 n. 130	2021-09-27	CONVERTED	21G00205	LEGGE 2021-11-25 n. 171	2021-11-26	60	true	true	true	true	true	true	0	LEGGE 2021-11-25 n. 171	
21G00145	DECRETO-LEGGE 2021-09-30 n. 132	2021-09-30	CONVERTED	21G00206	LEGGE 2021-11-23 n. 178	2021-11-29	60	true	true	true	true	true	true	0	LEGGE 2021-11-23 n. 178	
21G00153	DECRETO-LEGGE 2021-10-08 n. 139	2021-10-08	CONVERTED	21G00228	LEGGE 2021-12-03 n. 205	2021-12-07	60	true	true	true	true	true	true	0	LEGGE 2021-12-03 n. 205	
21G00157	DECRETO-LEGGE 2021-10-21 n. 146	2021-10-21	CONVERTED	21G00238	LEGGE 2021-12-17 n. 215	2021-12-20	60	true	true	true	true	true	true	0	LEGGE 2021-12-17 n. 215	
21G00166	DECRETO-LEGGE 2021-11-06 n. 152	2021-11-06	CONVERTED	21G00257	LEGGE 2021-12-29 n. 233	2021-12-31	55	true	true	true	true	true	true	0	LEGGE 2021-12-29 n. 233	
21G00173	DECRETO-LEGGE 2021-11-11 n. 157	2021-11-11	REPEALED											0		21G00256
21G00211	DECRETO-LEGGE 2021-11-26 n. 172	2021-11-26	CONVERTED	22G00006	LEGGE 2022-01-21 n. 3	2022-01-25	60	true	true	true	true	true	true	0	LEGGE 2022-01-21 n. 3	
21G00234	DECRETO-LEGGE 2021-12-10 n. 209	2021-12-11	REPEALED											0		21G00256
21G00244	DECRETO-LEGGE 2021-12-24 n. 221	2021-12-24	CONVERTED	22G00018	LEGGE 2022-02-18 n. 11	2022-02-18	56	true	true	true	true	true	true	0	LEGGE 2022-02-18 n. 11	
21G00255	DECRETO-LEGGE 2021-12-30 n. 228	2021-12-30	CONVERTED	22G00022	LEGGE 2022-02-25 n. 15	2022-02-28	60	true	true	true	true	true	true	0	LEGGE 2022-02-25 n. 15	
21G00258	DECRETO-LEGGE 2021-12-30 n. 229	2021-12-30	REPEALED											0		22G00018
22G00002	DECRETO-LEGGE 2022-01-07 n. 1	2022-01-07	CONVERTED	22G00027	LEGGE 2022-03-04 n. 18	2022-03-08	60	true	true	true	true	true	true	0	LEGGE 2022-03-04 n. 18	
22G00007	DECRETO-LEGGE 2022-01-21 n. 2	2022-01-21	REPEALED											0		22G00018
22G00008	DECRETO-LEGGE 2022-01-27 n. 4	2022-01-27	CONVERTED	22G00035	LEGGE 2022-03-28 n. 25	2022-03-28	60	true	true	true	true	true	true	0	LEGGE 2022-03-28 n. 25	
22G00014	DECRETO-LEGGE 2022-02-04 n. 5	2022-02-04	REPEALED											0		22G00027
22G00017	DECRETO-LEGGE 2022-02-17 n. 9	2022-02-17	CONVERTED	22G00039	LEGGE 2022-04-07 n. 29	2022-04-16	58	true	true	true	true	true	true	0		
22G00021	DECRETO-LEGGE 2022-02-25 n. 13	2022-02-25	REPEALED											0		22G00035
22G00024	DECRETO-LEGGE 2022-02-25 n. 14	2022-02-25	CONVERTED	22G00037	LEGGE 2022-04-05 n. 28	2022-04-13	47	true	true	true	true	true	true	0		
22G00025	DECRETO-LEGGE 2022-02-28 n. 16	2022-02-28	REPEALED											0		22G00037
22G00026	DECRETO-LEGGE 2022-03-01 n. 17	2022-03-01	CONVERTED	22G00048	LEGGE 2022-04-27 n. 34	2022-04-28	58	true	true	true	true	true	true	0	LEGGE 2022-04-27 n. 34	
22G00032	DECRETO-LEGGE 2022-03-21 n. 21	2022-03-21	CONVERTED	22G00061	LEGGE 2022-05-20 n. 51	2022-05-20	60	true	true	true	true	true	true	0	LEGGE 2022-05-20 n. 51	
22G00034	DECRETO-LEGGE 2022-03-24 n. 24	2022-03-24	CONVERTED	22G00063	LEGGE 2022-05-19 n. 52	2022-05-23	60	true	true	true	true	true	true	0	LEGGE 2022-05-19 n. 52	
22G00049	DECRETO-LEGGE 2022-04-30 n. 36	2022-04-30	CONVERTED	22G00091	LEGGE 2022-06-29 n. 79	2022-06-29	60	true	true	true	true	true	true	0	LEGGE 2022-06-29 n. 79	
22G00052	DECRETO-LEGGE 2022-05-02 n. 38	2022-05-02	REPEALED											0		22G00061
22G00053	DECRETO-LEGGE 2022-05-04 n. 41	2022-05-04	CONVERTED	22G00092	LEGGE 2022-06-30 n. 84	2022-07-02	59	true	true	true	true	true	true	0	LEGGE 2022-06-30 n. 84	
22G00059	DECRETO-LEGGE 2022-05-17 n. 50	2022-05-17	CONVERTED	22G00104	LEGGE 2022-07-15 n. 91	2022-07-15	59	true	true	true	true	true	true	0	LEGGE 2022-07-15 n. 91	
22G00082	DECRETO-LEGGE 2022-06-16 n. 68	2022-06-16	CONVERTED	22G00120	LEGGE 2022-08-05 n. 108	2022-08-05	50	true	true	true	true	true	true	0	LEGGE 2022-08-05 n. 108	
22G00086	DECRETO-LEGGE 2022-06-21 n. 73	2022-06-21	CONVERTED	22G00127	LEGGE 2022-08-04 n. 122	2022-08-19	59	true	true	true	true	true	true	0	LEGGE 2022-08-04 n. 122	
22G00093	DECRETO-LEGGE 2022-06-30 n. 80	2022-06-30	REPEALED											0		22G00104
22G00097	DECRETO-LEGGE 2022-07-07 n. 85	2022-07-07	REPEALED											0		22G00120
22G00128	DECRETO-LEGGE 2022-08-09 n. 115	2022-08-09	CONVERTED	22G00152	LEGGE 2022-09-21 n. 142	2022-09-21	43	true	true	true	true	true	true	0	LEGGE 2022-09-21 n. 142	
22G00154	DECRETO-LEGGE 2022-09-23 n. 144	2022-09-23	CONVERTED	22G00187	LEGGE 2022-11-17 n. 175	2022-11-17	55	true	true	true	true	true	true	0	LEGGE 2022-11-17 n. 175	
22G00170	DECRETO-LEGGE 2022-10-20 n. 153	2022-10-21	REPEALED											0		22G00187
22G00176	DECRETO-LEGGE 2022-10-31 n. 162	2022-10-31	CONVERTED	22G00209	LEGGE 2022-12-30 n. 199	2022-12-30	60	true	true	true	true	true	true	0	LEGGE 2022-12-30 n. 199	
22G00182	DECRETO-LEGGE 2022-11-08 n. 169	2022-11-08	CONVERTED	22G00206	LEGGE 2022-12-16 n. 196	2022-12-27	49	true	true	true	true	true	true	0	LEGGE 2022-12-16 n. 196	
22G00185	DECRETO-LEGGE 2022-11-11 n. 173	2022-11-11	CONVERTED	22G00213	LEGGE 2022-12-16 n. 204	2023-01-04	54	true	true	true	true	true	true	0		
22G00189	DECRETO-LEGGE 2022-11-18 n. 176	2022-11-18	CONVERTED	23G00010	LEGGE 2023-01-13 n. 6	2023-01-17	60	true	true	true	true	true	true	0	LEGGE 2023-01-13 n. 6	
22G00192	DECRETO-LEGGE 2022-11-23 n. 179	2022-11-23	REPEALED											0		23G00010
22G00197	DECRETO-LEGGE 2022-12-02 n. 185	2022-12-02	CONVERTED	23G00012	LEGGE 2023-01-27 n. 8	2023-01-31	60	true	true	true	true	true	true	0		
22G00198	DECRETO-LEGGE 2022-12-03 n. 186	2022-12-03	CONVERTED	23G00014	LEGGE 2023-01-27 n. 9	2023-02-01	60	true	true	true	true	true	true	0	LEGGE 2023-01-27 n. 9	
22G00199	DECRETO-LEGGE 2022-12-05 n. 187	2022-12-05	CONVERTED	23G00015	LEGGE 2023-02-01 n. 10	2023-02-03	60	true	true	true	true	true	true	0		
22G00203	DECRETO-LEGGE 2022-12-12 n. 190	2022-12-12	CONVERTED	23G00013	LEGGE 2023-01-27 n. 7	2023-01-28	47	true	true	true	true	true	true	0		
22G00212	DECRETO-LEGGE 2022-12-29 n. 198	2022-12-29	CONVERTED	23G00021	LEGGE 2023-02-24 n. 14	2023-02-27	60	true	true	true	true	true	true	0	LEGGE 2023-02-24 n. 14	
23G00001	DECRETO-LEGGE 2023-01-02 n. 1	2023-01-02	CONVERTED	23G00023	LEGGE 2023-02-24 n. 15	2023-03-02	59	true	true	true	true	true	true	0	LEGGE 2023-02-24 n. 15	
23G00003	DECRETO-LEGGE 2023-01-05 n. 2	2023-01-05	CONVERTED	23G00026	LEGGE 2023-03-03 n. 17	2023-03-06	60	true	true	true	true	true	true	0	LEGGE 2023-03-03 n. 17	
23G00005	DECRETO-LEGGE 2023-01-11 n. 3	2023-01-11	CONVERTED	23G00028	LEGGE 2023-03-10 n. 21	2023-03-11	59	true	true	true	true	true	true	0	LEGGE 2023-03-10 n. 21	
23G00006	DECRETO-LEGGE 2023-01-11 n. 4	2023-01-11	REPEALED											0		23G00021
23G00007	DECRETO-LEGGE 2023-01-14 n. 5	2023-01-14	CONVERTED	23G00031	LEGGE 2023-03-10 n. 23	2023-03-15	60	true	true	true	true	true	true	0	LEGGE 2023-03-10 n. 23	
23G00020	DECRETO-LEGGE 2023-02-16 n. 11	2023-02-16	CONVERTED	23G00046	LEGGE 2023-04-11 n. 38	2023-04-11	54	true	true	true	true	true	true	0	LEGGE 2023-04-11 n. 38	
23G00022	DECRETO-LEGGE 2023-02-24 n. 13	2023-02-24	CONVERTED	23G00053	LEGGE 2023-04-21 n. 41	2023-04-21	56	true	true	true	true	true	true	0	LEGGE 2023-04-21 n. 41	23G00053
23G00024	DECRETO-LEGGE 2023-03-02 n. 16	2023-03-02	CONVERTED	23G00056	LEGGE 2023-04-21 n. 46	2023-04-28	57	true	true	true	true	true	true	0	LEGGE 2023-04-21 n. 46	
23G00030	DECRETO-LEGGE 2023-03-10 n. 20	2023-03-10	CONVERTED	23G00058	LEGGE 2023-05-05 n. 50	2023-05-05	56	true	true	true	true	true	true	0	LEGGE 2023-05-05 n. 50	
23G00035	DECRETO-LEGGE 2023-03-17 n. 25	2023-03-17	CONVERTED	23G00060	LEGGE 2023-05-10 n. 52	2023-05-15	59	true	true	true	true	true	true	0		
23G00042	DECRETO-LEGGE 2023-03-30 n. 34	2023-03-30	CONVERTED	23G00068	LEGGE 2023-05-26 n. 56	2023-05-29	60	true	true	true	true	true	true	0	LEGGE 2023-05-26 n. 56	
23G00043	DECRETO-LEGGE 2023-03-31 n. 35	2023-03-31	CONVERTED	23G00069	LEGGE 2023-05-26 n. 58	2023-05-30	60	true	true	true	true	true	true	0	LEGGE 2023-05-26 n. 58	
23G00047	DECRETO-LEGGE 2023-04-14 n. 39	2023-04-14	CONVERTED	23G00079	LEGGE 2023-06-13 n. 68	2023-06-13	60	true	true	true	true	true	true	0		
23G00054	DECRETO-LEGGE 2023-04-22 n. 44	2023-04-22	CONVERTED	23G00088	LEGGE 2023-06-21 n. 74	2023-06-21	60	true	true	true	true	true	true	0	LEGGE 2023-06-21 n. 74	
23G00057	DECRETO-LEGGE 2023-05-04 n. 48	2023-05-04	CONVERTED	23G00095	LEGGE 2023-07-03 n. 85	2023-07-03	60	true	true	true	true	true	true	0	LEGGE 2023-07-03 n. 85	
23G00059	DECRETO-LEGGE 2023-05-10 n. 51	2023-05-10	CONVERTED	23G00096	LEGGE 2023-07-03 n. 87	2023-07-05	56	true	true	true	true	true	true	0	LEGGE 2023-07-03 n. 87	
23G00070	DECRETO-LEGGE 2023-05-29 n. 57	2023-05-29	CONVERTED	23G00105	LEGGE 2023-07-26 n. 95	2023-07-27	59	true	true	true	true	true	true	0		23G00096 23G00105
23G00074	DECRETO-LEGGE 2023-06-01 n. 61	2023-06-01	CONVERTED	23G00111	LEGGE 2023-07-31 n. 100	2023-07-31	60	true	true	true	true	true	true	0	LEGGE 2023-07-31 n. 100	
23G00080	DECRETO-LEGGE 2023-06-13 n. 69	2023-06-13	CONVERTED	23G00112	LEGGE 2023-08-10 n. 103	2023-08-10	58	true	true	true	true	true	true	0	LEGGE 2023-08-10 n. 103	
23G00090	DECRETO-LEGGE 2023-06-22 n. 75	2023-06-22	CONVERTED	23G00115	LEGGE 2023-08-10 n. 112	2023-08-16	55	true	true	true	true	true	true	0	LEGGE 2023-08-10 n. 112	
23G00094	DECRETO-LEGGE 2023-06-28 n. 79	2023-06-28	REPEALED											0		23G00105 23G00115
23G00097	DECRETO-LEGGE 2023-07-05 n. 88	2023-07-05	REPEALED											0		23G00111
23G00110	DECRETO-LEGGE 2023-07-28 n. 98	2023-07-28	CONVERTED	23G00139	LEGGE 2023-09-18 n. 127	2023-09-23	57	true	true	true	true	true	true	0	LEGGE 2023-09-18 n. 127	
23G00118	DECRETO-LEGGE 2023-08-10 n. 105	2023-08-10	CONVERTED	23G00149	LEGGE 2023-10-09 n. 137	2023-10-09	60	true	true	true	true	true	true	0	LEGGE 2023-10-09 n. 137	
23G00119	DECRETO-LEGGE 2023-08-10 n. 104	2023-08-10	CONVERTED	23G00148	LEGGE 2023-10-09 n. 136	2023-10-09	60	true	true	true	true	true	true	0	LEGGE 2023-10-09 n. 136	
23G00128	DECRETO-LEGGE 2023-08-31 n. 118	2023-08-31	REPEALED											0		23G00148
23G00131	DECRETO-LEGGE 2023-09-12 n. 121	2023-09-12	CONVERTED	23G00164	LEGGE 2023-11-06 n. 155	2023-11-11	60	true	true	true	true	true	true	0		
23G00135	DECRETO-LEGGE 2023-09-15 n. 123	2023-09-15	CONVERTED	23G00172	LEGGE 2023-11-13 n. 159	2023-11-14	60	true	true	true	true	true	true	0	LEGGE 2023-11-13 n. 159	
23G00137	DECRETO-LEGGE 2023-09-19 n. 124	2023-09-19	CONVERTED	23G00175	LEGGE 2023-11-13 n. 162	2023-11-16	58	true	true	true	true	true	true	0	LEGGE 2023-11-13 n. 162	
23G00141	DECRETO-LEGGE 2023-09-29 n. 131	2023-09-29	CONVERTED	23G00180	LEGGE 2023-11-27 n. 169	2023-11-28	60	true	true	true	true	true	true	0	LEGGE 2023-11-27 n. 169	
23G00142	DECRETO-LEGGE 2023-09-29 n. 132	2023-09-29	CONVERTED	23G00181	LEGGE 2023-11-27 n. 170	2023-11-28	60	true	true	true	true	true	true	0	LEGGE 2023-11-27 n. 170	
23G00145	DECRETO-LEGGE 2023-10-05 n. 133	2023-10-05	CONVERTED	23G00189	LEGGE 2023-12-01 n. 176	2023-12-04	60	true	true	true	true	true	true	0		
23G00156	DECRETO-LEGGE 2023-10-12 n. 140	2023-10-12	CONVERTED	23G00193	LEGGE 2023-12-07 n. 183	2023-12-11	60	true	true	true	true	true	true	0		
23G00157	DECRETO-LEGGE 2023-10-18 n. 144	2023-10-18	CONVERTED	23G00201	LEGGE 2023-12-13 n. 189	2023-12-16	59	true	true	true	true	true	true	0	LEGGE 2023-12-13 n. 189	
23G00158	DECRETO-LEGGE 2023-10-18 n. 145	2023-10-18	CONVERTED	23G00204	LEGGE 2023-12-15 n. 191	2023-12-16	59	true	true	true	true	true	true	0	LEGGE 2023-12-15 n. 191	
23G00173	DECRETO-LEGGE 2023-11-15 n. 161	2023-11-15	CONVERTED	24G00006	LEGGE 2024-01-11 n. 2	2024-01-13	59	true	true	true	true	true	true	0		
23G00195	DECRETO-LEGGE 2023-12-09 n. 181	2023-12-09	CONVERTED	24G00022	LEGGE 2024-02-02 n. 11	2024-02-07	60	true	true	true	true	true	true	0	LEGGE 2024-02-02 n. 11	
23G00219	DECRETO-LEGGE 2023-12-21 n. 200	2023-12-21	CONVERTED	24G00025	LEGGE 2024-02-13 n. 12	2024-02-17	58	true	true	true	true	true	true	0		
23G00226	DECRETO-LEGGE 2023-12-29 n. 212	2023-12-29	CONVERTED	24G00030	LEGGE 2024-02-22 n. 17	2024-02-27	60	true	true	true	true	true	true	0		
23G00227	DECRETO-LEGGE 2023-12-30 n. 215	2023-12-30	CONVERTED	24G00033	LEGGE 2024-02-23 n. 18	2024-02-28	60	true	true	true	true	true	true	0	LEGGE 2024-02-23 n. 18	
24G00014	DECRETO-LEGGE 2024-01-18 n. 4	2024-01-18	CONVERTED	24G00045	LEGGE 2024-03-15 n. 28	2024-03-18	60	true	true	true	true	true	true	0	LEGGE 2024-03-15 n. 28	
24G00015	DECRETO-LEGGE 2024-01-19 n. 5	2024-01-19	CONVERTED	24G00047	LEGGE 2024-03-13 n. 30	2024-03-19	60	true	true	true	true	true	true	0		
24G00017	DECRETO-LEGGE 2024-01-29 n. 7	2024-01-29	CONVERTED	24G00055	LEGGE 2024-03-25 n. 38	2024-03-28	59	true	true	true	true	true	true	0	LEGGE 2024-03-25 n. 38	
24G00021	DECRETO-LEGGE 2024-02-02 n. 9	2024-02-02	REPEALED											0		24G00045
24G00023	DECRETO-LEGGE 2024-02-05 n. 10	2024-02-05	CONVERTED	24G00057	LEGGE 2024-03-27 n. 42	2024-04-05	60	true	true	true	true	true	true	0	LEGGE 2024-03-27 n. 42	
24G00035	DECRETO-LEGGE 2024-03-02 n. 19	2024-03-02	CONVERTED	24G00074	LEGGE 2024-04-29 n. 56	2024-04-30	59	true	true	true	true	true	true	0	LEGGE 2024-04-29 n. 56	24G00074
24G00059	DECRETO-LEGGE 2024-03-29 n. 39	2024-03-29	CONVERTED	24G00085	LEGGE 2024-05-23 n. 67	2024-05-28	60	true	true	true	true	true	true	0	LEGGE 2024-05-23 n. 67	
24G00077	DECRETO-LEGGE 2024-05-07 n. 60	2024-05-07	CONVERTED	24G00113	LEGGE 2024-07-04 n. 95	2024-07-06	60	true	true	true	true	true	true	0	LEGGE 2024-07-04 n. 95	24G00113
24G00078	DECRETO-LEGGE 2024-05-09 n. 61	2024-05-09	CONVERTED	24G00115	LEGGE 2024-07-04 n. 96	2024-07-08	60	true	true	true	true	true	true	0		24G00115
24G00081	DECRETO-LEGGE 2024-05-15 n. 63	2024-05-15	CONVERTED	24G00119	LEGGE 2024-07-12 n. 101	2024-07-13	59	true	true	true	true	true	true	0	LEGGE 2024-07-12 n. 101	
24G00088	DECRETO-LEGGE 2024-05-29 n. 69	2024-05-29	CONVERTED	24G00124	LEGGE 2024-07-24 n. 105	2024-07-27	59	true	true	true	true	true	true	0	LEGGE 2024-07-24 n. 105	
24G00089	DECRETO-LEGGE 2024-05-31 n. 71	2024-05-31	CONVERTED	24G00123	LEGGE 2024-07-29 n. 106	2024-07-30	60	true	true	true	true	true	true	0	LEGGE 2024-07-29 n. 106	
24G00093	DECRETO-LEGGE 2024-06-07 n. 73	2024-06-07	CONVERTED	24G00125	LEGGE 2024-07-29 n. 107	2024-07-31	54	true	true	true	true	true	true	0	LEGGE 2024-07-29 n. 107	
24G00095	DECRETO-LEGGE 2024-06-11 n. 76	2024-06-11	CONVERTED	24G00130	LEGGE 2024-08-08 n. 111	2024-08-09	59	true	true	true	true	true	true	0	LEGGE 2024-08-08 n. 111	
24G00102	DECRETO-LEGGE 2024-06-25 n. 84	2024-06-25	CONVERTED	24G00131	LEGGE 2024-08-08 n. 115	2024-08-13	49	true	true	true	true	true	true	0	LEGGE 2024-08-08 n. 115	
24G00106	DECRETO-LEGGE 2024-06-29 n. 89	2024-06-29	CONVERTED	24G00132	LEGGE 2024-08-08 n. 120	2024-08-20	52	true	true	true	true	true	true	0	LEGGE 2024-08-08 n. 120	
24G00109	DECRETO-LEGGE 2024-07-02 n. 91	2024-07-02	REPEALED											0		24G00130
24G00111	DECRETO-LEGGE 2024-07-04 n. 92	2024-07-04	CONVERTED	24G00133	LEGGE 2024-08-08 n. 112	2024-08-09	36	true	true	true	true	true	true	0	LEGGE 2024-08-08 n. 112	
24G00136	DECRETO-LEGGE 2024-08-09 n. 113	2024-08-09	CONVERTED	24G00161	LEGGE 2024-10-07 n. 143	2024-10-08	60	true	true	true	true	true	true	0	LEGGE 2024-10-07 n. 143	
24G00149	DECRETO-LEGGE 2024-09-16 n. 131	2024-09-16	CONVERTED	24G00184	LEGGE 2024-11-14 n. 166	2024-11-14	59	true	true	true	true	true	true	0	LEGGE 2024-11-14 n. 166	
24G00158	DECRETO-LEGGE 2024-10-01 n. 137	2024-10-01	CONVERTED	24G00190	LEGGE 2024-11-18 n. 171	2024-11-25	55	true	true	true	true	true	true	0	LEGGE 2024-11-18 n. 171	
24G00171	DECRETO-LEGGE 2024-10-11 n. 145	2024-10-11	CONVERTED	24G00206	LEGGE 2024-12-09 n. 187	2024-12-10	60	true	true	true	true	true	true	0	LEGGE 2024-12-09 n. 187	
24G00174	DECRETO-LEGGE 2024-10-17 n. 153	2024-10-17	CONVERTED	24G00209	LEGGE 2024-12-13 n. 191	2024-12-16	60	true	true	true	true	true	true	0	LEGGE 2024-12-13 n. 191	
24G00175	DECRETO-LEGGE 2024-10-19 n. 155	2024-10-19	CONVERTED	24G00208	LEGGE 2024-12-09 n. 189	2024-12-12	54	true	true	true	true	true	true	0	LEGGE 2024-12-09 n. 189	
24G00177	DECRETO-LEGGE 2024-10-23 n. 158	2024-10-23	REPEALED											0		24G00206
24G00178	DECRETO-LEGGE 2024-10-28 n. 160	2024-10-28	CONVERTED	24G00217	LEGGE 2024-12-20 n. 199	2024-12-27	60	true	true	true	true	true	true	0	LEGGE 2024-12-20 n. 199	
24G00188	DECRETO-LEGGE 2024-11-14 n. 167	2024-11-14	REPEALED											0		24G00208
24G00203	DECRETO-LEGGE 2024-11-29 n. 178	2024-11-29	CONVERTED	25G00009	LEGGE 2025-01-23 n. 4	2025-01-24	56	true	true	true	true	true	true	0	LEGGE 2025-01-23 n. 4	
24G00224	DECRETO-LEGGE 2024-12-27 n. 201	2024-12-27	CONVERTED	25G00023	LEGGE 2025-02-21 n. 16	2025-02-25	60	true	true	true	true	true	true	0	LEGGE 2025-02-21 n. 16	
24G00225	DECRETO-LEGGE 2024-12-27 n. 200	2024-12-27	CONVERTED	25G00014	LEGGE 2025-01-31 n. 7	2025-01-31	35	true	true	true	true	true	true	0		
24G00227	DECRETO-LEGGE 2024-12-27 n. 202	2024-12-27	CONVERTED	25G00024	LEGGE 2025-02-21 n. 15	2025-02-24	59	true	true	true	true	true	true	0	LEGGE 2025-02-21 n. 15	
24G00232	DECRETO-LEGGE 2024-12-31 n. 208	2024-12-31	CONVERTED	25G00028	LEGGE 2025-02-28 n. 20	2025-03-01	60	true	true	true	true	true	true	0	LEGGE 2025-02-28 n. 20	
25G00006	DECRETO-LEGGE 2025-01-16 n. 1	2025-01-16	REPEALED											0		25G00028
25G00010	DECRETO-LEGGE 2025-01-24 n. 3	2025-01-24	CONVERTED	25G00041	LEGGE 2025-03-20 n. 31	2025-03-24	59	true	true	true	true	true	true	0		
25G00013	DECRETO-LEGGE 2025-01-30 n. 5	2025-01-30	REPEALED											0		25G00041
25G00030	DECRETO-LEGGE 2025-02-28 n. 19	2025-02-28	CONVERTED	25G00068	LEGGE 2025-04-24 n. 60	2025-04-29	60	true	true	true	true	true	true	0	LEGGE 2025-04-24 n. 60	
25G00033	DECRETO-LEGGE 2025-03-14 n. 25	2025-03-14	CONVERTED	25G00076	LEGGE 2025-05-09 n. 69	2025-05-13	60	true	true	true	true	true	true	0	LEGGE 2025-05-09 n. 69	
25G00039	DECRETO-LEGGE 2025-03-19 n. 27	2025-03-19	CONVERTED	25G00079	LEGGE 2025-05-15 n. 72	2025-05-17	59	true	true	true	true	true	true	0		
25G00049	DECRETO-LEGGE 2025-03-28 n. 36	2025-03-28	CONVERTED	25G00082	LEGGE 2025-05-23 n. 74	2025-05-23	56	true	true	true	true	true	true	0	LEGGE 2025-05-23 n. 74	
25G00050	DECRETO-LEGGE 2025-03-28 n. 37	2025-03-28	CONVERTED	25G00083	LEGGE 2025-05-23 n. 75	2025-05-23	56	true	true	true	true	true	true	0	LEGGE 2025-05-23 n. 75	
25G00051	DECRETO-LEGGE 2025-03-31 n. 39	2025-03-31	CONVERTED	25G00086	LEGGE 2025-05-27 n. 78	2025-05-30	60	true	true	true	true	true	true	0	LEGGE 2025-05-27 n. 78	
25G00059	DECRETO-LEGGE 2025-04-07 n. 45	2025-04-07	CONVERTED	25G00087	LEGGE 2025-06-05 n. 79	2025-06-06	60	true	true	true	true	true	true	0	LEGGE 2025-06-05 n. 79	
25G00060	DECRETO-LEGGE 2025-04-11 n. 48	2025-04-11	CONVERTED	25G00088	LEGGE 2025-06-09 n. 80	2025-06-09	59	true	true	true	true	true	true	0		
25G00066	DECRETO-LEGGE 2025-04-22 n. 54	2025-04-22	CONVERTED_ONE_SOURCE	25G00091	LEGGE 2025-06-13 n. 83	2025-06-16	55	true	false	true	true	true	true	0		
25G00067	DECRETO-LEGGE 2025-04-23 n. 55	2025-04-23	CONVERTED_ONE_SOURCE	25G00094	LEGGE 2025-06-19 n. 86	2025-06-21	59	true	false	true	true	true	true	0		
25G00075	DECRETO-LEGGE 2025-05-07 n. 65	2025-05-07	CONVERTED	25G00112	LEGGE 2025-07-04 n. 101	2025-07-04	58	true	true	true	true	true	true	0	LEGGE 2025-07-04 n. 101	
25G00078	DECRETO-LEGGE 2025-05-12 n. 68	2025-05-12	CONVERTED_ONE_SOURCE	25G00111	LEGGE 2025-07-02 n. 100	2025-07-04	53	true	false	true	true	true	true	0		
25G00084	DECRETO-LEGGE 2025-05-21 n. 73	2025-05-21	CONVERTED	25G00113	LEGGE 2025-07-18 n. 105	2025-07-19	59	true	true	true	true	true	true	0	LEGGE 2025-07-18 n. 105	
25G00092	DECRETO-LEGGE 2025-06-17 n. 84	2025-06-17	CONVERTED	25G00121	LEGGE 2025-07-30 n. 108	2025-08-01	45	true	true	true	true	true	true	0		
25G00102	DECRETO-LEGGE 2025-06-24 n. 90	2025-06-24	CONVERTED	25G00120	LEGGE 2025-07-30 n. 109	2025-08-01	38	true	true	true	true	true	true	0		25G00120
25G00105	DECRETO-LEGGE 2025-06-26 n. 92	2025-06-26	CONVERTED	25G00123	LEGGE 2025-08-01 n. 113	2025-08-05	40	true	true	true	true	true	true	0		
25G00107	DECRETO-LEGGE 2025-06-30 n. 95	2025-06-30	CONVERTED	25G00126	LEGGE 2025-08-08 n. 118	2025-08-09	40	true	true	true	true	true	true	0	LEGGE 2025-08-08 n. 118	
25G00108	DECRETO-LEGGE 2025-06-30 n. 96	2025-06-30	CONVERTED	25G00127	LEGGE 2025-08-08 n. 119	2025-08-09	40	true	true	true	true	true	true	0	LEGGE 2025-08-08 n. 119	
25G00122	DECRETO-LEGGE 2025-08-01 n. 110	2025-08-01	CONVERTED	25G00144	LEGGE 2025-09-24 n. 133	2025-09-25	55	true	true	true	true	true	true	0		
25G00128	DECRETO-LEGGE 2025-08-08 n. 116	2025-08-08	CONVERTED	25G00154	LEGGE 2025-10-03 n. 147	2025-10-07	60	true	true	true	true	true	true	0	LEGGE 2025-10-03 n. 147	
25G00131	DECRETO-LEGGE 2025-08-08 n. 117	2025-08-08	CONVERTED	25G00155	LEGGE 2025-10-03 n. 148	2025-10-07	60	true	true	true	true	true	true	0	LEGGE 2025-10-03 n. 148	
25G00135	DECRETO-LEGGE 2025-09-09 n. 127	2025-09-09	CONVERTED	25G00173	LEGGE 2025-10-30 n. 164	2025-11-05	57	true	true	true	true	true	true	0	LEGGE 2025-10-30 n. 164	
25G00156	DECRETO-LEGGE 2025-10-03 n. 145	2025-10-03	CONVERTED	25G00182	LEGGE 2025-11-18 n. 173	2025-11-20	48	true	true	true	true	true	true	0		
25G00157	DECRETO-LEGGE 2025-10-03 n. 146	2025-10-03	CONVERTED	25G00189	LEGGE 2025-12-01 n. 179	2025-12-01	59	true	true	true	true	true	true	0	LEGGE 2025-12-01 n. 179	
25G00169	DECRETO-LEGGE 2025-10-29 n. 156	2025-10-29	CONVERTED	25G00200	LEGGE 2025-12-18 n. 191	2025-12-19	51	true	true	true	true	true	true	0	LEGGE 2025-12-18 n. 191	
25G00172	DECRETO-LEGGE 2025-10-31 n. 159	2025-10-31	CONVERTED	25G00203	LEGGE 2025-12-29 n. 198	2025-12-30	60	true	true	true	true	true	true	0	LEGGE 2025-12-29 n. 198	
25G00185	DECRETO-LEGGE 2025-11-21 n. 175	2025-11-21	CONVERTED	26G00016	LEGGE 2026-01-15 n. 4	2026-01-20	60	true	true	true	true	true	true	0	LEGGE 2026-01-15 n. 4	
25G00188	DECRETO-LEGGE 2025-12-01 n. 180	2025-12-01	CONVERTED	26G00023	LEGGE 2026-01-22 n. 8	2026-01-27	57	true	true	true	true	true	true	0	LEGGE 2026-01-22 n. 8	
25G00210	DECRETO-LEGGE 2025-12-27 n. 196	2025-12-27	CONVERTED_ONE_SOURCE	26G00036	LEGGE 2026-02-13 n. 18	2026-02-13	48	true	false	true	true	true	true	0		
25G00213	DECRETO-LEGGE 2025-12-31 n. 200	2025-12-31	CONVERTED	26G00044	LEGGE 2026-02-27 n. 26	2026-02-28	59	true	true	true	true	true	true	0	LEGGE 2026-02-27 n. 26	
25G00214	DECRETO-LEGGE 2025-12-31 n. 201	2025-12-31	CONVERTED_ONE_SOURCE	26G00043	LEGGE 2026-02-27 n. 27	2026-02-28	59	true	false	true	true	true	true	0		
26G00039	DECRETO-LEGGE 2026-02-19 n. 19	2026-02-19	CONVERTED	26G00067	LEGGE 2026-04-20 n. 50	2026-04-20	60	true	true	true	true	true	true	0	LEGGE 2026-04-20 n. 50	
26G00041	DECRETO-LEGGE 2026-02-20 n. 21	2026-02-20	CONVERTED	26G00066	LEGGE 2026-04-10 n. 49	2026-04-18	57	true	true	true	true	true	true	0	LEGGE 2026-04-10 n. 49	
26G00042	DECRETO-LEGGE 2026-02-24 n. 23	2026-02-24	CONVERTED	26G00078	LEGGE 2026-04-24 n. 54	2026-04-24	59	true	true	true	true	true	true	0	LEGGE 2026-04-24 n. 54	
26G00045	DECRETO-LEGGE 2026-02-27 n. 25	2026-02-27	CONVERTED	26G00080	LEGGE 2026-04-27 n. 59	2026-04-28	60	true	true	true	true	true	true	0	LEGGE 2026-04-27 n. 59	
26G00049	DECRETO-LEGGE 2026-03-11 n. 32	2026-03-11	CONVERTED	26G00092	LEGGE 2026-05-08 n. 71	2026-05-09	59	true	true	true	true	true	true	0	LEGGE 2026-05-08 n. 71	
26G00052	DECRETO-LEGGE 2026-03-18 n. 33	2026-03-18	CONVERTED	26G00102	LEGGE 2026-05-13 n. 79	2026-05-16	59	true	true	true	true	true	true	0	LEGGE 2026-05-13 n. 79	
26G00057	DECRETO-LEGGE 2026-03-27 n. 38	2026-03-27	CONVERTED	26G00109	LEGGE 2026-05-22 n. 88	2026-05-22	56	true	true	true	true	true	true	0	LEGGE 2026-05-22 n. 88	
26G00061	DECRETO-LEGGE 2026-04-03 n. 42	2026-04-03	REPEALED											0		26G00109
26G00081	DECRETO-LEGGE 2026-04-24 n. 55	2026-04-24	CONVERTED_ONE_SOURCE	26G00123	LEGGE 2026-06-19 n. 103	2026-06-20	57	true	false	true	true	true	true	0		
26G00082	DECRETO-LEGGE 2026-04-30 n. 62	2026-04-30	CONVERTED	26G00128	LEGGE 2026-06-25 n. 112	2026-06-27	58	true	true	true	true	true	true	0	LEGGE 2026-06-25 n. 112	
26G00083	DECRETO-LEGGE 2026-04-30 n. 63	2026-04-30	CONVERTED	26G00129	LEGGE 2026-06-25 n. 113	2026-06-27	58	true	true	true	true	true	true	0	LEGGE 2026-06-25 n. 113	
26G00090	DECRETO-LEGGE 2026-05-07 n. 66	2026-05-07	CONVERTED	26G00137	LEGGE 2026-07-02 n. 116	2026-07-03	57	true	true	true	true	true	true	0	LEGGE 2026-07-02 n. 116	
26G00110	DECRETO-LEGGE 2026-05-22 n. 89	2026-05-22	REPEALED											0		26G00129
26G00119	DECRETO-LEGGE 2026-06-12 n. 100	2026-06-12	CONVERTED_ONE_SOURCE	26G00164	LEGGE 2026-08-07 n. 145	2026-08-08	57	true	false	true	true	true	true	0		
26G00132	DECRETO-LEGGE 2026-06-26 n. 107	2026-06-26	CONVERTED_ONE_SOURCE	26G00165	LEGGE 2026-08-07 n. 152	2026-08-20	55	true	false	true	true	true	true	0		
26G00133	DECRETO-LEGGE 2026-06-26 n. 108	2026-06-26	CONVERTED	26G00163	LEGGE 2026-08-04 n. 142	2026-08-07	42	true	true	true	true	true	true	0	LEGGE 2026-08-04 n. 142	
26G00151	DECRETO-LEGGE 2026-07-23 n. 127	2026-07-23	CONVERTED_ONE_SOURCE	26G00180	LEGGE 2026-09-17 n. 163	2026-09-19	58	true	false	true	true	true	true	0		
26G00155	DECRETO-LEGGE 2026-07-27 n. 133	2026-07-27	CONVERTED_ONE_SOURCE	26G00184	LEGGE 2026-09-25 n. 166	2026-09-25	60	true	false	true	true	true	true	0		
26G00162	DECRETO-LEGGE 2026-08-05 n. 139	2026-08-05	REPEALED											0		26G00184
26G00166	DECRETO-LEGGE 2026-08-07 n. 143	2026-08-07	AWAITING_LAW_TEXT											0	LEGGE 5 ottobre 2026, n. 173 (26G00193, GU 2026-10-06, listed by Normattiva, text not exported yet)	
26G00167	DECRETO-LEGGE 2026-08-07 n. 144	2026-08-07	AWAITING_LAW_TEXT											0	LEGGE 5 ottobre 2026, n. 174 (26G00194, GU 2026-10-06, listed by Normattiva, text not exported yet)	
26G00173	DECRETO-LEGGE 2026-08-26 n. 153	2026-08-26	REPEALED											0		26G00184
26G00174	DECRETO-LEGGE 2026-08-28 n. 154	2026-08-28	PENDING											0		
26G00178	DECRETO-LEGGE 2026-09-10 n. 157	2026-09-10	PENDING											0		
26G00181	DECRETO-LEGGE 2026-09-17 n. 162	2026-09-17	PENDING											0		
26G00186	DECRETO-LEGGE 2026-09-28 n. 167	2026-09-28	PENDING											0		
