publication_date	issue_number	local_id	act_url	discovered_at
2026-06-01	125	26G00112	https://www.gazzettaufficiale.it/atto/serie_generale/caricaDettaglioAtto/originario?atto.dataPubblicazioneGazzetta=2026-06-01&atto.codiceRedazionale=26G00112&elenco30giorni=false	2026-06-22T17:07:06.363243100+02:00
2026-06-01	125	26A02708	https://www.gazzettaufficiale.it/atto/serie_generale/caricaDettaglioAtto/originario?atto.dataPubblicazioneGazzetta=2026-06-01&atto.codiceRedazionale=26A02708&elenco30giorni=false	2026-06-22T17:07:06.363243100+02:00
2026-06-01	125	26A02709	https://www.gazzettaufficiale.it/atto/serie_generale/caricaDettaglioAtto/originario?atto.dataPubblicazioneGazzetta=2026-06-01&atto.codiceRedazionale=26A02709&elenco30giorni=false	2026-06-22T17:07:06.363243100+02:00
2026-06-01	125	26A02710	https://www.gazzettaufficiale.it/atto/serie_generale/caricaDettaglioAtto/originario?atto.dataPubblicazioneGazzetta=2026-06-01&atto.codiceRedazionale=26A02710&elenco30giorni=false	2026-06-22T17:07:06.363243100+02:00
2026-06-01	125	26A02711	https://www.gazzettaufficiale.it/atto/serie_generale/caricaDettaglioAtto/originario?atto.dataPubblicazioneGazzetta=2026-06-01&atto.codiceRedazionale=26A02711&elenco30giorni=false	2026-06-22T17:07:06.363243100+02:00
2026-06-01	125	26A02707	https://www.gazzettaufficiale.it/atto/serie_generale/caricaDettaglioAtto/originario?atto.dataPubblicazioneGazzetta=2026-06-01&atto.codiceRedazionale=26A02707&elenco30giorni=false	2026-06-22T17:07:06.363243100+02:00
2026-06-01	125	26A02680	https://www.gazzettaufficiale.it/atto/serie_generale/caricaDettaglioAtto/originario?atto.dataPubblicazioneGazzetta=2026-06-01&atto.codiceRedazionale=26A02680&elenco30giorni=false	2026-06-22T17:07:06.363243100+02:00
2026-06-01	125	26A02675	https://www.gazzettaufficiale.it/atto/serie_generale/caricaDettaglioAtto/originario?atto.dataPubblicazioneGazzetta=2026-06-01&atto.codiceRedazionale=26A02675&elenco30giorni=false	2026-06-22T17:07:06.363243100+02:00
2026-06-01	125	26A02676	https://www.gazzettaufficiale.it/atto/serie_generale/caricaDettaglioAtto/originario?atto.dataPubblicazioneGazzetta=2026-06-01&atto.codiceRedazionale=26A02676&elenco30giorni=false	2026-06-22T17:07:06.363243100+02:00
2026-06-01	125	26A02677	https://www.gazzettaufficiale.it/atto/serie_generale/caricaDettaglioAtto/originario?atto.dataPubblicazioneGazzetta=2026-06-01&atto.codiceRedazionale=26A02677&elenco30giorni=false	2026-06-22T17:07:06.363243100+02:00
2026-06-01	125	26A02678	https://www.gazzettaufficiale.it/atto/serie_generale/caricaDettaglioAtto/originario?atto.dataPubblicazioneGazzetta=2026-06-01&atto.codiceRedazionale=26A02678&elenco30giorni=false	2026-06-22T17:07:06.363243100+02:00
2026-06-01	125	26A02679	https://www.gazzettaufficiale.it/atto/serie_generale/caricaDettaglioAtto/originario?atto.dataPubblicazioneGazzetta=2026-06-01&atto.codiceRedazionale=26A02679&elenco30giorni=false	2026-06-22T17:07:06.363243100+02:00
2026-06-01	125	26A02650	https://www.gazzettaufficiale.it/atto/serie_generale/caricaDettaglioAtto/originario?atto.dataPubblicazioneGazzetta=2026-06-01&atto.codiceRedazionale=26A02650&elenco30giorni=false	2026-06-22T17:07:06.363243100+02:00
2026-06-01	125	26A02657	https://www.gazzettaufficiale.it/atto/serie_generale/caricaDettaglioAtto/originario?atto.dataPubblicazioneGazzetta=2026-06-01&atto.codiceRedazionale=26A02657&elenco30giorni=false	2026-06-22T17:07:06.363243100+02:00
2026-06-01	125	26A02658	https://www.gazzettaufficiale.it/atto/serie_generale/caricaDettaglioAtto/originario?atto.dataPubblicazioneGazzetta=2026-06-01&atto.codiceRedazionale=26A02658&elenco30giorni=false	2026-06-22T17:07:06.363243100+02:00
2026-06-01	125	26A02659	https://www.gazzettaufficiale.it/atto/serie_generale/caricaDettaglioAtto/originario?atto.dataPubblicazioneGazzetta=2026-06-01&atto.codiceRedazionale=26A02659&elenco30giorni=false	2026-06-22T17:07:06.363243100+02:00
2026-06-01	125	26A02660	https://www.gazzettaufficiale.it/atto/serie_generale/caricaDettaglioAtto/originario?atto.dataPubblicazioneGazzetta=2026-06-01&atto.codiceRedazionale=26A02660&elenco30giorni=false	2026-06-22T17:07:06.363243100+02:00
2026-06-01	125	26A02661	https://www.gazzettaufficiale.it/atto/serie_generale/caricaDettaglioAtto/originario?atto.dataPubblicazioneGazzetta=2026-06-01&atto.codiceRedazionale=26A02661&elenco30giorni=false	2026-06-22T17:07:06.363243100+02:00
2026-06-01	125	26A02662	https://www.gazzettaufficiale.it/atto/serie_generale/caricaDettaglioAtto/originario?atto.dataPubblicazioneGazzetta=2026-06-01&atto.codiceRedazionale=26A02662&elenco30giorni=false	2026-06-22T17:07:06.363243100+02:00
2026-06-01	125	26A02663	https://www.gazzettaufficiale.it/atto/serie_generale/caricaDettaglioAtto/originario?atto.dataPubblicazioneGazzetta=2026-06-01&atto.codiceRedazionale=26A02663&elenco30giorni=false	2026-06-22T17:07:06.363243100+02:00
2026-06-01	125	26A02681	https://www.gazzettaufficiale.it/atto/serie_generale/caricaDettaglioAtto/originario?atto.dataPubblicazioneGazzetta=2026-06-01&atto.codiceRedazionale=26A02681&elenco30giorni=false	2026-06-22T17:07:06.363243100+02:00
2026-06-01	125	26A02602	https://www.gazzettaufficiale.it/atto/serie_generale/caricaDettaglioAtto/originario?atto.dataPubblicazioneGazzetta=2026-06-01&atto.codiceRedazionale=26A02602&elenco30giorni=false	2026-06-22T17:07:06.363243100+02:00
2026-06-01	125	26A02682	https://www.gazzettaufficiale.it/atto/serie_generale/caricaDettaglioAtto/originario?atto.dataPubblicazioneGazzetta=2026-06-01&atto.codiceRedazionale=26A02682&elenco30giorni=false	2026-06-22T17:07:06.363243100+02:00
2026-06-03	126	26A02712	https://www.gazzettaufficiale.it/atto/serie_generale/caricaDettaglioAtto/originario?atto.dataPubblicazioneGazzetta=2026-06-03&atto.codiceRedazionale=26A02712&elenco30giorni=false	2026-06-22T17:07:06.363243100+02:00
2026-06-03	126	26A02749	https://www.gazzettaufficiale.it/atto/serie_generale/caricaDettaglioAtto/originario?atto.dataPubblicazioneGazzetta=2026-06-03&atto.codiceRedazionale=26A02749&elenco30giorni=false	2026-06-22T17:07:06.363243100+02:00
2026-06-03	126	26A02750	https://www.gazzettaufficiale.it/atto/serie_generale/caricaDettaglioAtto/originario?atto.dataPubblicazioneGazzetta=2026-06-03&atto.codiceRedazionale=26A02750&elenco30giorni=false	2026-06-22T17:07:06.363243100+02:00
2026-06-03	126	26A02751	https://www.gazzettaufficiale.it/atto/serie_generale/caricaDettaglioAtto/originario?atto.dataPubblicazioneGazzetta=2026-06-03&atto.codiceRedazionale=26A02751&elenco30giorni=false	2026-06-22T17:07:06.363243100+02:00
2026-06-03	126	26A02752	https://www.gazzettaufficiale.it/atto/serie_generale/caricaDettaglioAtto/originario?atto.dataPubblicazioneGazzetta=2026-06-03&atto.codiceRedazionale=26A02752&elenco30giorni=false	2026-06-22T17:07:06.363243100+02:00
2026-06-03	126	26A02753	https://www.gazzettaufficiale.it/atto/serie_generale/caricaDettaglioAtto/originario?atto.dataPubblicazioneGazzetta=2026-06-03&atto.codiceRedazionale=26A02753&elenco30giorni=false	2026-06-22T17:07:06.363243100+02:00
2026-06-03	126	26A02754	https://www.gazzettaufficiale.it/atto/serie_generale/caricaDettaglioAtto/originario?atto.dataPubblicazioneGazzetta=2026-06-03&atto.codiceRedazionale=26A02754&elenco30giorni=false	2026-06-22T17:07:06.363243100+02:00
2026-06-03	126	26A02755	https://www.gazzettaufficiale.it/atto/serie_generale/caricaDettaglioAtto/originario?atto.dataPubblicazioneGazzetta=2026-06-03&atto.codiceRedazionale=26A02755&elenco30giorni=false	2026-06-22T17:07:06.363243100+02:00
2026-06-03	126	26A02713	https://www.gazzettaufficiale.it/atto/serie_generale/caricaDettaglioAtto/originario?atto.dataPubblicazioneGazzetta=2026-06-03&atto.codiceRedazionale=26A02713&elenco30giorni=false	2026-06-22T17:07:06.363243100+02:00
2026-06-03	126	26A02714	https://www.gazzettaufficiale.it/atto/serie_generale/caricaDettaglioAtto/originario?atto.dataPubblicazioneGazzetta=2026-06-03&atto.codiceRedazionale=26A02714&elenco30giorni=false	2026-06-22T17:07:06.363243100+02:00
2026-06-03	126	26A02715	https://www.gazzettaufficiale.it/atto/serie_generale/caricaDettaglioAtto/originario?atto.dataPubblicazioneGazzetta=2026-06-03&atto.codiceRedazionale=26A02715&elenco30giorni=false	2026-06-22T17:07:06.363243100+02:00
2026-06-03	126	26A02716	https://www.gazzettaufficiale.it/atto/serie_generale/caricaDettaglioAtto/originario?atto.dataPubblicazioneGazzetta=2026-06-03&atto.codiceRedazionale=26A02716&elenco30giorni=false	2026-06-22T17:07:06.363243100+02:00
2026-06-03	126	26A02683	https://www.gazzettaufficiale.it/atto/serie_generale/caricaDettaglioAtto/originario?atto.dataPubblicazioneGazzetta=2026-06-03&atto.codiceRedazionale=26A02683&elenco30giorni=false	2026-06-22T17:07:06.363243100+02:00
2026-06-03	126	26A02684	https://www.gazzettaufficiale.it/atto/serie_generale/caricaDettaglioAtto/originario?atto.dataPubblicazioneGazzetta=2026-06-03&atto.codiceRedazionale=26A02684&elenco30giorni=false	2026-06-22T17:07:06.363243100+02:00
2026-06-03	126	26A02685	https://www.gazzettaufficiale.it/atto/serie_generale/caricaDettaglioAtto/originario?atto.dataPubblicazioneGazzetta=2026-06-03&atto.codiceRedazionale=26A02685&elenco30giorni=false	2026-06-22T17:07:06.363243100+02:00
2026-06-03	126	26A02756	https://www.gazzettaufficiale.it/atto/serie_generale/caricaDettaglioAtto/originario?atto.dataPubblicazioneGazzetta=2026-06-03&atto.codiceRedazionale=26A02756&elenco30giorni=false	2026-06-22T17:07:06.363243100+02:00
2026-06-03	126	26A02637	https://www.gazzettaufficiale.it/atto/serie_generale/caricaDettaglioAtto/originario?atto.dataPubblicazioneGazzetta=2026-06-03&atto.codiceRedazionale=26A02637&elenco30giorni=false	2026-06-22T17:07:06.363243100+02:00
2026-06-03	126	26A02638	https://www.gazzettaufficiale.it/atto/serie_generale/caricaDettaglioAtto/originario?atto.dataPubblicazioneGazzetta=2026-06-03&atto.codiceRedazionale=26A02638&elenco30giorni=false	2026-06-22T17:07:06.363243100+02:00
2026-06-03	126	26A02639	https://www.gazzettaufficiale.it/atto/serie_generale/caricaDettaglioAtto/originario?atto.dataPubblicazioneGazzetta=2026-06-03&atto.codiceRedazionale=26A02639&elenco30giorni=false	2026-06-22T17:07:06.363243100+02:00
2026-06-03	126	26A02686	https://www.gazzettaufficiale.it/atto/serie_generale/caricaDettaglioAtto/originario?atto.dataPubblicazioneGazzetta=2026-06-03&atto.codiceRedazionale=26A02686&elenco30giorni=false	2026-06-22T17:07:06.363243100+02:00
2026-06-03	126	26A02687	https://www.gazzettaufficiale.it/atto/serie_generale/caricaDettaglioAtto/originario?atto.dataPubblicazioneGazzetta=2026-06-03&atto.codiceRedazionale=26A02687&elenco30giorni=false	2026-06-22T17:07:06.363243100+02:00
2026-06-03	126	26A02688	https://www.gazzettaufficiale.it/atto/serie_generale/caricaDettaglioAtto/originario?atto.dataPubblicazioneGazzetta=2026-06-03&atto.codiceRedazionale=26A02688&elenco30giorni=false	2026-06-22T17:07:06.363243100+02:00
2026-06-03	126	26A02689	https://www.gazzettaufficiale.it/atto/serie_generale/caricaDettaglioAtto/originario?atto.dataPubblicazioneGazzetta=2026-06-03&atto.codiceRedazionale=26A02689&elenco30giorni=false	2026-06-22T17:07:06.363243100+02:00
2026-06-03	126	26A02690	https://www.gazzettaufficiale.it/atto/serie_generale/caricaDettaglioAtto/originario?atto.dataPubblicazioneGazzetta=2026-06-03&atto.codiceRedazionale=26A02690&elenco30giorni=false	2026-06-22T17:07:06.363243100+02:00
2026-06-03	126	26A02691	https://www.gazzettaufficiale.it/atto/serie_generale/caricaDettaglioAtto/originario?atto.dataPubblicazioneGazzetta=2026-06-03&atto.codiceRedazionale=26A02691&elenco30giorni=false	2026-06-22T17:07:06.363243100+02:00
2026-06-03	126	26A02719	https://www.gazzettaufficiale.it/atto/serie_generale/caricaDettaglioAtto/originario?atto.dataPubblicazioneGazzetta=2026-06-03&atto.codiceRedazionale=26A02719&elenco30giorni=false	2026-06-22T17:07:06.363243100+02:00
2026-06-03	126	26A02718	https://www.gazzettaufficiale.it/atto/serie_generale/caricaDettaglioAtto/originario?atto.dataPubblicazioneGazzetta=2026-06-03&atto.codiceRedazionale=26A02718&elenco30giorni=false	2026-06-22T17:07:06.363243100+02:00
2026-06-03	126	26A02832	https://www.gazzettaufficiale.it/atto/serie_generale/caricaDettaglioAtto/originario?atto.dataPubblicazioneGazzetta=2026-06-03&atto.codiceRedazionale=26A02832&elenco30giorni=false	2026-06-22T17:07:06.363243100+02:00
2026-06-03	126	26A02717	https://www.gazzettaufficiale.it/atto/serie_generale/caricaDettaglioAtto/originario?atto.dataPubblicazioneGazzetta=2026-06-03&atto.codiceRedazionale=26A02717&elenco30giorni=false	2026-06-22T17:07:06.363243100+02:00
2026-06-03	126	26A02642	https://www.gazzettaufficiale.it/atto/serie_generale/caricaDettaglioAtto/originario?atto.dataPubblicazioneGazzetta=2026-06-03&atto.codiceRedazionale=26A02642&elenco30giorni=false	2026-06-22T17:07:06.363243100+02:00
2026-06-04	127	26A02761	https://www.gazzettaufficiale.it/atto/serie_generale/caricaDettaglioAtto/originario?atto.dataPubblicazioneGazzetta=2026-06-04&atto.codiceRedazionale=26A02761&elenco30giorni=false	2026-06-22T17:07:06.363243100+02:00
2026-06-04	127	26A02787	https://www.gazzettaufficiale.it/atto/serie_generale/caricaDettaglioAtto/originario?atto.dataPubblicazioneGazzetta=2026-06-04&atto.codiceRedazionale=26A02787&elenco30giorni=false	2026-06-22T17:07:06.363243100+02:00
2026-06-04	127	26A02802	https://www.gazzettaufficiale.it/atto/serie_generale/caricaDettaglioAtto/originario?atto.dataPubblicazioneGazzetta=2026-06-04&atto.codiceRedazionale=26A02802&elenco30giorni=false	2026-06-22T17:07:06.363243100+02:00
2026-06-04	127	26A02760	https://www.gazzettaufficiale.it/atto/serie_generale/caricaDettaglioAtto/originario?atto.dataPubblicazioneGazzetta=2026-06-04&atto.codiceRedazionale=26A02760&elenco30giorni=false	2026-06-22T17:07:06.363243100+02:00
2026-06-04	127	26A02720	https://www.gazzettaufficiale.it/atto/serie_generale/caricaDettaglioAtto/originario?atto.dataPubblicazioneGazzetta=2026-06-04&atto.codiceRedazionale=26A02720&elenco30giorni=false	2026-06-22T17:07:06.363243100+02:00
2026-06-04	127	26A02721	https://www.gazzettaufficiale.it/atto/serie_generale/caricaDettaglioAtto/originario?atto.dataPubblicazioneGazzetta=2026-06-04&atto.codiceRedazionale=26A02721&elenco30giorni=false	2026-06-22T17:07:06.363243100+02:00
2026-06-04	127	26A02722	https://www.gazzettaufficiale.it/atto/serie_generale/caricaDettaglioAtto/originario?atto.dataPubblicazioneGazzetta=2026-06-04&atto.codiceRedazionale=26A02722&elenco30giorni=false	2026-06-22T17:07:06.363243100+02:00
2026-06-04	127	26A02723	https://www.gazzettaufficiale.it/atto/serie_generale/caricaDettaglioAtto/originario?atto.dataPubblicazioneGazzetta=2026-06-04&atto.codiceRedazionale=26A02723&elenco30giorni=false	2026-06-22T17:07:06.363243100+02:00
2026-06-04	127	26A02724	https://www.gazzettaufficiale.it/atto/serie_generale/caricaDettaglioAtto/originario?atto.dataPubblicazioneGazzetta=2026-06-04&atto.codiceRedazionale=26A02724&elenco30giorni=false	2026-06-22T17:07:06.363243100+02:00
2026-06-04	127	26A02640	https://www.gazzettaufficiale.it/atto/serie_generale/caricaDettaglioAtto/originario?atto.dataPubblicazioneGazzetta=2026-06-04&atto.codiceRedazionale=26A02640&elenco30giorni=false	2026-06-22T17:07:06.363243100+02:00
2026-06-04	127	26A02641	https://www.gazzettaufficiale.it/atto/serie_generale/caricaDettaglioAtto/originario?atto.dataPubblicazioneGazzetta=2026-06-04&atto.codiceRedazionale=26A02641&elenco30giorni=false	2026-06-22T17:07:06.363243100+02:00
2026-06-04	127	26A02692	https://www.gazzettaufficiale.it/atto/serie_generale/caricaDettaglioAtto/originario?atto.dataPubblicazioneGazzetta=2026-06-04&atto.codiceRedazionale=26A02692&elenco30giorni=false	2026-06-22T17:07:06.363243100+02:00
2026-06-04	127	26A02693	https://www.gazzettaufficiale.it/atto/serie_generale/caricaDettaglioAtto/originario?atto.dataPubblicazioneGazzetta=2026-06-04&atto.codiceRedazionale=26A02693&elenco30giorni=false	2026-06-22T17:07:06.363243100+02:00
2026-06-04	127	26A02694	https://www.gazzettaufficiale.it/atto/serie_generale/caricaDettaglioAtto/originario?atto.dataPubblicazioneGazzetta=2026-06-04&atto.codiceRedazionale=26A02694&elenco30giorni=false	2026-06-22T17:07:06.363243100+02:00
2026-06-04	127	26A02695	https://www.gazzettaufficiale.it/atto/serie_generale/caricaDettaglioAtto/originario?atto.dataPubblicazioneGazzetta=2026-06-04&atto.codiceRedazionale=26A02695&elenco30giorni=false	2026-06-22T17:07:06.363243100+02:00
2026-06-04	127	26A02725	https://www.gazzettaufficiale.it/atto/serie_generale/caricaDettaglioAtto/originario?atto.dataPubblicazioneGazzetta=2026-06-04&atto.codiceRedazionale=26A02725&elenco30giorni=false	2026-06-22T17:07:06.363243100+02:00
2026-06-04	127	26A02726	https://www.gazzettaufficiale.it/atto/serie_generale/caricaDettaglioAtto/originario?atto.dataPubblicazioneGazzetta=2026-06-04&atto.codiceRedazionale=26A02726&elenco30giorni=false	2026-06-22T17:07:06.363243100+02:00
2026-06-04	127	26A02758	https://www.gazzettaufficiale.it/atto/serie_generale/caricaDettaglioAtto/originario?atto.dataPubblicazioneGazzetta=2026-06-04&atto.codiceRedazionale=26A02758&elenco30giorni=false	2026-06-22T17:07:06.363243100+02:00
2026-06-04	127	26A02762	https://www.gazzettaufficiale.it/atto/serie_generale/caricaDettaglioAtto/originario?atto.dataPubblicazioneGazzetta=2026-06-04&atto.codiceRedazionale=26A02762&elenco30giorni=false	2026-06-22T17:07:06.363243100+02:00
2026-06-04	127	26A02857	https://www.gazzettaufficiale.it/atto/serie_generale/caricaDettaglioAtto/originario?atto.dataPubblicazioneGazzetta=2026-06-04&atto.codiceRedazionale=26A02857&elenco30giorni=false	2026-06-22T17:07:06.363243100+02:00
2026-06-04	127	26A02759	https://www.gazzettaufficiale.it/atto/serie_generale/caricaDettaglioAtto/originario?atto.dataPubblicazioneGazzetta=2026-06-04&atto.codiceRedazionale=26A02759&elenco30giorni=false	2026-06-22T17:07:06.363243100+02:00
2026-06-04	127	26A02757	https://www.gazzettaufficiale.it/atto/serie_generale/caricaDettaglioAtto/originario?atto.dataPubblicazioneGazzetta=2026-06-04&atto.codiceRedazionale=26A02757&elenco30giorni=false	2026-06-22T17:07:06.363243100+02:00
2026-06-04	127	26A02727	https://www.gazzettaufficiale.it/atto/serie_generale/caricaDettaglioAtto/originario?atto.dataPubblicazioneGazzetta=2026-06-04&atto.codiceRedazionale=26A02727&elenco30giorni=false	2026-06-22T17:07:06.363243100+02:00
2026-06-04	127	26A02728	https://www.gazzettaufficiale.it/atto/serie_generale/caricaDettaglioAtto/originario?atto.dataPubblicazioneGazzetta=2026-06-04&atto.codiceRedazionale=26A02728&elenco30giorni=false	2026-06-22T17:07:06.363243100+02:00
2026-06-04	127	26A02729	https://www.gazzettaufficiale.it/atto/serie_generale/caricaDettaglioAtto/originario?atto.dataPubblicazioneGazzetta=2026-06-04&atto.codiceRedazionale=26A02729&elenco30giorni=false	2026-06-22T17:07:06.363243100+02:00
2026-06-05	128	26G00114	https://www.gazzettaufficiale.it/atto/serie_generale/caricaDettaglioAtto/originario?atto.dataPubblicazioneGazzetta=2026-06-05&atto.codiceRedazionale=26G00114&elenco30giorni=false	2026-06-22T17:07:06.363243100+02:00
2026-06-05	128	26A02730	https://www.gazzettaufficiale.it/atto/serie_generale/caricaDettaglioAtto/originario?atto.dataPubblicazioneGazzetta=2026-06-05&atto.codiceRedazionale=26A02730&elenco30giorni=false	2026-06-22T17:07:06.363243100+02:00
2026-06-05	128	26A02731	https://www.gazzettaufficiale.it/atto/serie_generale/caricaDettaglioAtto/originario?atto.dataPubblicazioneGazzetta=2026-06-05&atto.codiceRedazionale=26A02731&elenco30giorni=false	2026-06-22T17:07:06.363243100+02:00
2026-06-05	128	26A02732	https://www.gazzettaufficiale.it/atto/serie_generale/caricaDettaglioAtto/originario?atto.dataPubblicazioneGazzetta=2026-06-05&atto.codiceRedazionale=26A02732&elenco30giorni=false	2026-06-22T17:07:06.363243100+02:00
2026-06-05	128	26A02733	https://www.gazzettaufficiale.it/atto/serie_generale/caricaDettaglioAtto/originario?atto.dataPubblicazioneGazzetta=2026-06-05&atto.codiceRedazionale=26A02733&elenco30giorni=false	2026-06-22T17:07:06.363243100+02:00
2026-06-05	128	26A02860	https://www.gazzettaufficiale.it/atto/serie_generale/caricaDettaglioAtto/originario?atto.dataPubblicazioneGazzetta=2026-06-05&atto.codiceRedazionale=26A02860&elenco30giorni=false	2026-06-22T17:07:06.363243100+02:00
2026-06-05	128	26A02697	https://www.gazzettaufficiale.it/atto/serie_generale/caricaDettaglioAtto/originario?atto.dataPubblicazioneGazzetta=2026-06-05&atto.codiceRedazionale=26A02697&elenco30giorni=false	2026-06-22T17:07:06.363243100+02:00
2026-06-05	128	26A02698	https://www.gazzettaufficiale.it/atto/serie_generale/caricaDettaglioAtto/originario?atto.dataPubblicazioneGazzetta=2026-06-05&atto.codiceRedazionale=26A02698&elenco30giorni=false	2026-06-22T17:07:06.363243100+02:00
2026-06-05	128	26A02699	https://www.gazzettaufficiale.it/atto/serie_generale/caricaDettaglioAtto/originario?atto.dataPubblicazioneGazzetta=2026-06-05&atto.codiceRedazionale=26A02699&elenco30giorni=false	2026-06-22T17:07:06.363243100+02:00
2026-06-05	128	26A02700	https://www.gazzettaufficiale.it/atto/serie_generale/caricaDettaglioAtto/originario?atto.dataPubblicazioneGazzetta=2026-06-05&atto.codiceRedazionale=26A02700&elenco30giorni=false	2026-06-22T17:07:06.363243100+02:00
2026-06-05	128	26A02701	https://www.gazzettaufficiale.it/atto/serie_generale/caricaDettaglioAtto/originario?atto.dataPubblicazioneGazzetta=2026-06-05&atto.codiceRedazionale=26A02701&elenco30giorni=false	2026-06-22T17:07:06.363243100+02:00
2026-06-05	128	26A02702	https://www.gazzettaufficiale.it/atto/serie_generale/caricaDettaglioAtto/originario?atto.dataPubblicazioneGazzetta=2026-06-05&atto.codiceRedazionale=26A02702&elenco30giorni=false	2026-06-22T17:07:06.363243100+02:00
2026-06-05	128	26A02703	https://www.gazzettaufficiale.it/atto/serie_generale/caricaDettaglioAtto/originario?atto.dataPubblicazioneGazzetta=2026-06-05&atto.codiceRedazionale=26A02703&elenco30giorni=false	2026-06-22T17:07:06.363243100+02:00
2026-06-05	128	26A02704	https://www.gazzettaufficiale.it/atto/serie_generale/caricaDettaglioAtto/originario?atto.dataPubblicazioneGazzetta=2026-06-05&atto.codiceRedazionale=26A02704&elenco30giorni=false	2026-06-22T17:07:06.363243100+02:00
2026-06-05	128	26A02858	https://www.gazzettaufficiale.it/atto/serie_generale/caricaDettaglioAtto/originario?atto.dataPubblicazioneGazzetta=2026-06-05&atto.codiceRedazionale=26A02858&elenco30giorni=false	2026-06-22T17:07:06.363243100+02:00
2026-06-05	128	26A02696	https://www.gazzettaufficiale.it/atto/serie_generale/caricaDettaglioAtto/originario?atto.dataPubblicazioneGazzetta=2026-06-05&atto.codiceRedazionale=26A02696&elenco30giorni=false	2026-06-22T17:07:06.363243100+02:00
2026-06-05	128	26A02705	https://www.gazzettaufficiale.it/atto/serie_generale/caricaDettaglioAtto/originario?atto.dataPubblicazioneGazzetta=2026-06-05&atto.codiceRedazionale=26A02705&elenco30giorni=false	2026-06-22T17:07:06.363243100+02:00
2026-06-05	128	26A02734	https://www.gazzettaufficiale.it/atto/serie_generale/caricaDettaglioAtto/originario?atto.dataPubblicazioneGazzetta=2026-06-05&atto.codiceRedazionale=26A02734&elenco30giorni=false	2026-06-22T17:07:06.363243100+02:00
2026-06-05	128	26A02764	https://www.gazzettaufficiale.it/atto/serie_generale/caricaDettaglioAtto/originario?atto.dataPubblicazioneGazzetta=2026-06-05&atto.codiceRedazionale=26A02764&elenco30giorni=false	2026-06-22T17:07:06.363243100+02:00
2026-06-05	128	26A02766	https://www.gazzettaufficiale.it/atto/serie_generale/caricaDettaglioAtto/originario?atto.dataPubblicazioneGazzetta=2026-06-05&atto.codiceRedazionale=26A02766&elenco30giorni=false	2026-06-22T17:07:06.363243100+02:00
2026-06-05	128	26A02767	https://www.gazzettaufficiale.it/atto/serie_generale/caricaDettaglioAtto/originario?atto.dataPubblicazioneGazzetta=2026-06-05&atto.codiceRedazionale=26A02767&elenco30giorni=false	2026-06-22T17:07:06.363243100+02:00
2026-06-06	129	26A02763	https://www.gazzettaufficiale.it/atto/serie_generale/caricaDettaglioAtto/originario?atto.dataPubblicazioneGazzetta=2026-06-06&atto.codiceRedazionale=26A02763&elenco30giorni=false	2026-06-22T17:07:06.363243100+02:00
2026-06-06	129	26A02925	https://www.gazzettaufficiale.it/atto/serie_generale/caricaDettaglioAtto/originario?atto.dataPubblicazioneGazzetta=2026-06-06&atto.codiceRedazionale=26A02925&elenco30giorni=false	2026-06-22T17:07:06.363243100+02:00
2026-06-06	129	26A02765	https://www.gazzettaufficiale.it/atto/serie_generale/caricaDettaglioAtto/originario?atto.dataPubblicazioneGazzetta=2026-06-06&atto.codiceRedazionale=26A02765&elenco30giorni=false	2026-06-22T17:07:06.363243100+02:00
2026-06-06	129	26A02735	https://www.gazzettaufficiale.it/atto/serie_generale/caricaDettaglioAtto/originario?atto.dataPubblicazioneGazzetta=2026-06-06&atto.codiceRedazionale=26A02735&elenco30giorni=false	2026-06-22T17:07:06.363243100+02:00
2026-06-06	129	26A02736	https://www.gazzettaufficiale.it/atto/serie_generale/caricaDettaglioAtto/originario?atto.dataPubblicazioneGazzetta=2026-06-06&atto.codiceRedazionale=26A02736&elenco30giorni=false	2026-06-22T17:07:06.363243100+02:00
2026-06-06	129	26A02737	https://www.gazzettaufficiale.it/atto/serie_generale/caricaDettaglioAtto/originario?atto.dataPubblicazioneGazzetta=2026-06-06&atto.codiceRedazionale=26A02737&elenco30giorni=false	2026-06-22T17:07:06.363243100+02:00
2026-06-06	129	26A02738	https://www.gazzettaufficiale.it/atto/serie_generale/caricaDettaglioAtto/originario?atto.dataPubblicazioneGazzetta=2026-06-06&atto.codiceRedazionale=26A02738&elenco30giorni=false	2026-06-22T17:07:06.363243100+02:00
2026-06-06	129	26A02803	https://www.gazzettaufficiale.it/atto/serie_generale/caricaDettaglioAtto/originario?atto.dataPubblicazioneGazzetta=2026-06-06&atto.codiceRedazionale=26A02803&elenco30giorni=false	2026-06-22T17:07:06.363243100+02:00
2026-06-06	129	26A02768	https://www.gazzettaufficiale.it/atto/serie_generale/caricaDettaglioAtto/originario?atto.dataPubblicazioneGazzetta=2026-06-06&atto.codiceRedazionale=26A02768&elenco30giorni=false	2026-06-22T17:07:06.363243100+02:00
2026-06-06	129	26A02805	https://www.gazzettaufficiale.it/atto/serie_generale/caricaDettaglioAtto/originario?atto.dataPubblicazioneGazzetta=2026-06-06&atto.codiceRedazionale=26A02805&elenco30giorni=false	2026-06-22T17:07:06.363243100+02:00
2026-06-06	129	26A02806	https://www.gazzettaufficiale.it/atto/serie_generale/caricaDettaglioAtto/originario?atto.dataPubblicazioneGazzetta=2026-06-06&atto.codiceRedazionale=26A02806&elenco30giorni=false	2026-06-22T17:07:06.363243100+02:00
2026-06-06	129	26A02820	https://www.gazzettaufficiale.it/atto/serie_generale/caricaDettaglioAtto/originario?atto.dataPubblicazioneGazzetta=2026-06-06&atto.codiceRedazionale=26A02820&elenco30giorni=false	2026-06-22T17:07:06.363243100+02:00
2026-06-06	129	26A02789	https://www.gazzettaufficiale.it/atto/serie_generale/caricaDettaglioAtto/originario?atto.dataPubblicazioneGazzetta=2026-06-06&atto.codiceRedazionale=26A02789&elenco30giorni=false	2026-06-22T17:07:06.363243100+02:00
2026-06-06	129	26A02825	https://www.gazzettaufficiale.it/atto/serie_generale/caricaDettaglioAtto/originario?atto.dataPubblicazioneGazzetta=2026-06-06&atto.codiceRedazionale=26A02825&elenco30giorni=false	2026-06-22T17:07:06.363243100+02:00
2026-06-06	129	26A02826	https://www.gazzettaufficiale.it/atto/serie_generale/caricaDettaglioAtto/originario?atto.dataPubblicazioneGazzetta=2026-06-06&atto.codiceRedazionale=26A02826&elenco30giorni=false	2026-06-22T17:07:06.363243100+02:00
2026-06-06	129	26A02827	https://www.gazzettaufficiale.it/atto/serie_generale/caricaDettaglioAtto/originario?atto.dataPubblicazioneGazzetta=2026-06-06&atto.codiceRedazionale=26A02827&elenco30giorni=false	2026-06-22T17:07:06.363243100+02:00
2026-06-06	129	26A02804	https://www.gazzettaufficiale.it/atto/serie_generale/caricaDettaglioAtto/originario?atto.dataPubblicazioneGazzetta=2026-06-06&atto.codiceRedazionale=26A02804&elenco30giorni=false	2026-06-22T17:07:06.363243100+02:00
2026-06-08	130	26G00115	https://www.gazzettaufficiale.it/atto/serie_generale/caricaDettaglioAtto/originario?atto.dataPubblicazioneGazzetta=2026-06-08&atto.codiceRedazionale=26G00115&elenco30giorni=false	2026-06-22T17:07:06.363243100+02:00
2026-06-08	130	26A02821	https://www.gazzettaufficiale.it/atto/serie_generale/caricaDettaglioAtto/originario?atto.dataPubblicazioneGazzetta=2026-06-08&atto.codiceRedazionale=26A02821&elenco30giorni=false	2026-06-22T17:07:06.363243100+02:00
2026-06-08	130	26A02822	https://www.gazzettaufficiale.it/atto/serie_generale/caricaDettaglioAtto/originario?atto.dataPubblicazioneGazzetta=2026-06-08&atto.codiceRedazionale=26A02822&elenco30giorni=false	2026-06-22T17:07:06.363243100+02:00
2026-06-08	130	26A02828	https://www.gazzettaufficiale.it/atto/serie_generale/caricaDettaglioAtto/originario?atto.dataPubblicazioneGazzetta=2026-06-08&atto.codiceRedazionale=26A02828&elenco30giorni=false	2026-06-22T17:07:06.363243100+02:00
2026-06-08	130	26A02739	https://www.gazzettaufficiale.it/atto/serie_generale/caricaDettaglioAtto/originario?atto.dataPubblicazioneGazzetta=2026-06-08&atto.codiceRedazionale=26A02739&elenco30giorni=false	2026-06-22T17:07:06.363243100+02:00
2026-06-08	130	26A02740	https://www.gazzettaufficiale.it/atto/serie_generale/caricaDettaglioAtto/originario?atto.dataPubblicazioneGazzetta=2026-06-08&atto.codiceRedazionale=26A02740&elenco30giorni=false	2026-06-22T17:07:06.363243100+02:00
2026-06-08	130	26A02741	https://www.gazzettaufficiale.it/atto/serie_generale/caricaDettaglioAtto/originario?atto.dataPubblicazioneGazzetta=2026-06-08&atto.codiceRedazionale=26A02741&elenco30giorni=false	2026-06-22T17:07:06.363243100+02:00
2026-06-08	130	26A02742	https://www.gazzettaufficiale.it/atto/serie_generale/caricaDettaglioAtto/originario?atto.dataPubblicazioneGazzetta=2026-06-08&atto.codiceRedazionale=26A02742&elenco30giorni=false	2026-06-22T17:07:06.363243100+02:00
2026-06-08	130	26A02769	https://www.gazzettaufficiale.it/atto/serie_generale/caricaDettaglioAtto/originario?atto.dataPubblicazioneGazzetta=2026-06-08&atto.codiceRedazionale=26A02769&elenco30giorni=false	2026-06-22T17:07:06.363243100+02:00
2026-06-08	130	26A02770	https://www.gazzettaufficiale.it/atto/serie_generale/caricaDettaglioAtto/originario?atto.dataPubblicazioneGazzetta=2026-06-08&atto.codiceRedazionale=26A02770&elenco30giorni=false	2026-06-22T17:07:06.363243100+02:00
2026-06-08	130	26A02771	https://www.gazzettaufficiale.it/atto/serie_generale/caricaDettaglioAtto/originario?atto.dataPubblicazioneGazzetta=2026-06-08&atto.codiceRedazionale=26A02771&elenco30giorni=false	2026-06-22T17:07:06.363243100+02:00
2026-06-08	130	26A02790	https://www.gazzettaufficiale.it/atto/serie_generale/caricaDettaglioAtto/originario?atto.dataPubblicazioneGazzetta=2026-06-08&atto.codiceRedazionale=26A02790&elenco30giorni=false	2026-06-22T17:07:06.363243100+02:00
2026-06-08	130	26A02791	https://www.gazzettaufficiale.it/atto/serie_generale/caricaDettaglioAtto/originario?atto.dataPubblicazioneGazzetta=2026-06-08&atto.codiceRedazionale=26A02791&elenco30giorni=false	2026-06-22T17:07:06.363243100+02:00
2026-06-08	130	26A02792	https://www.gazzettaufficiale.it/atto/serie_generale/caricaDettaglioAtto/originario?atto.dataPubblicazioneGazzetta=2026-06-08&atto.codiceRedazionale=26A02792&elenco30giorni=false	2026-06-22T17:07:06.363243100+02:00
2026-06-08	130	26A02823	https://www.gazzettaufficiale.it/atto/serie_generale/caricaDettaglioAtto/originario?atto.dataPubblicazioneGazzetta=2026-06-08&atto.codiceRedazionale=26A02823&elenco30giorni=false	2026-06-22T17:07:06.363243100+02:00
2026-06-08	130	26A02824	https://www.gazzettaufficiale.it/atto/serie_generale/caricaDettaglioAtto/originario?atto.dataPubblicazioneGazzetta=2026-06-08&atto.codiceRedazionale=26A02824&elenco30giorni=false	2026-06-22T17:07:06.363243100+02:00
2026-06-08	130	26A02861	https://www.gazzettaufficiale.it/atto/serie_generale/caricaDettaglioAtto/originario?atto.dataPubblicazioneGazzetta=2026-06-08&atto.codiceRedazionale=26A02861&elenco30giorni=false	2026-06-22T17:07:06.363243100+02:00
2026-06-08	130	26A02862	https://www.gazzettaufficiale.it/atto/serie_generale/caricaDettaglioAtto/originario?atto.dataPubblicazioneGazzetta=2026-06-08&atto.codiceRedazionale=26A02862&elenco30giorni=false	2026-06-22T17:07:06.363243100+02:00
2026-06-08	130	26A02863	https://www.gazzettaufficiale.it/atto/serie_generale/caricaDettaglioAtto/originario?atto.dataPubblicazioneGazzetta=2026-06-08&atto.codiceRedazionale=26A02863&elenco30giorni=false	2026-06-22T17:07:06.363243100+02:00
2026-06-08	130	26A02793	https://www.gazzettaufficiale.it/atto/serie_generale/caricaDettaglioAtto/originario?atto.dataPubblicazioneGazzetta=2026-06-08&atto.codiceRedazionale=26A02793&elenco30giorni=false	2026-06-22T17:07:06.363243100+02:00
2026-06-09	131	26G00116	https://www.gazzettaufficiale.it/atto/serie_generale/caricaDettaglioAtto/originario?atto.dataPubblicazioneGazzetta=2026-06-09&atto.codiceRedazionale=26G00116&elenco30giorni=false	2026-06-22T17:07:06.363243100+02:00
2026-06-09	131	26A02829	https://www.gazzettaufficiale.it/atto/serie_generale/caricaDettaglioAtto/originario?atto.dataPubblicazioneGazzetta=2026-06-09&atto.codiceRedazionale=26A02829&elenco30giorni=false	2026-06-22T17:07:06.363243100+02:00
2026-06-09	131	26A02830	https://www.gazzettaufficiale.it/atto/serie_generale/caricaDettaglioAtto/originario?atto.dataPubblicazioneGazzetta=2026-06-09&atto.codiceRedazionale=26A02830&elenco30giorni=false	2026-06-22T17:07:06.363243100+02:00
2026-06-09	131	26A02831	https://www.gazzettaufficiale.it/atto/serie_generale/caricaDettaglioAtto/originario?atto.dataPubblicazioneGazzetta=2026-06-09&atto.codiceRedazionale=26A02831&elenco30giorni=false	2026-06-22T17:07:06.363243100+02:00
2026-06-09	131	26A02795	https://www.gazzettaufficiale.it/atto/serie_generale/caricaDettaglioAtto/originario?atto.dataPubblicazioneGazzetta=2026-06-09&atto.codiceRedazionale=26A02795&elenco30giorni=false	2026-06-22T17:07:06.363243100+02:00
2026-06-09	131	26A02743	https://www.gazzettaufficiale.it/atto/serie_generale/caricaDettaglioAtto/originario?atto.dataPubblicazioneGazzetta=2026-06-09&atto.codiceRedazionale=26A02743&elenco30giorni=false	2026-06-22T17:07:06.363243100+02:00
2026-06-09	131	26A02744	https://www.gazzettaufficiale.it/atto/serie_generale/caricaDettaglioAtto/originario?atto.dataPubblicazioneGazzetta=2026-06-09&atto.codiceRedazionale=26A02744&elenco30giorni=false	2026-06-22T17:07:06.363243100+02:00
2026-06-09	131	26A02745	https://www.gazzettaufficiale.it/atto/serie_generale/caricaDettaglioAtto/originario?atto.dataPubblicazioneGazzetta=2026-06-09&atto.codiceRedazionale=26A02745&elenco30giorni=false	2026-06-22T17:07:06.363243100+02:00
2026-06-09	131	26A02796	https://www.gazzettaufficiale.it/atto/serie_generale/caricaDettaglioAtto/originario?atto.dataPubblicazioneGazzetta=2026-06-09&atto.codiceRedazionale=26A02796&elenco30giorni=false	2026-06-22T17:07:06.363243100+02:00
2026-06-09	131	26A02797	https://www.gazzettaufficiale.it/atto/serie_generale/caricaDettaglioAtto/originario?atto.dataPubblicazioneGazzetta=2026-06-09&atto.codiceRedazionale=26A02797&elenco30giorni=false	2026-06-22T17:07:06.363243100+02:00
2026-06-09	131	26A02879	https://www.gazzettaufficiale.it/atto/serie_generale/caricaDettaglioAtto/originario?atto.dataPubblicazioneGazzetta=2026-06-09&atto.codiceRedazionale=26A02879&elenco30giorni=false	2026-06-22T17:07:06.363243100+02:00
2026-06-09	131	26A02880	https://www.gazzettaufficiale.it/atto/serie_generale/caricaDettaglioAtto/originario?atto.dataPubblicazioneGazzetta=2026-06-09&atto.codiceRedazionale=26A02880&elenco30giorni=false	2026-06-22T17:07:06.363243100+02:00
2026-06-09	131	26A02772	https://www.gazzettaufficiale.it/atto/serie_generale/caricaDettaglioAtto/originario?atto.dataPubblicazioneGazzetta=2026-06-09&atto.codiceRedazionale=26A02772&elenco30giorni=false	2026-06-22T17:07:06.363243100+02:00
2026-06-09	131	26A02773	https://www.gazzettaufficiale.it/atto/serie_generale/caricaDettaglioAtto/originario?atto.dataPubblicazioneGazzetta=2026-06-09&atto.codiceRedazionale=26A02773&elenco30giorni=false	2026-06-22T17:07:06.363243100+02:00
2026-06-09	131	26A02774	https://www.gazzettaufficiale.it/atto/serie_generale/caricaDettaglioAtto/originario?atto.dataPubblicazioneGazzetta=2026-06-09&atto.codiceRedazionale=26A02774&elenco30giorni=false	2026-06-22T17:07:06.363243100+02:00
2026-06-09	131	26A02775	https://www.gazzettaufficiale.it/atto/serie_generale/caricaDettaglioAtto/originario?atto.dataPubblicazioneGazzetta=2026-06-09&atto.codiceRedazionale=26A02775&elenco30giorni=false	2026-06-22T17:07:06.363243100+02:00
2026-06-09	131	26A02864	https://www.gazzettaufficiale.it/atto/serie_generale/caricaDettaglioAtto/originario?atto.dataPubblicazioneGazzetta=2026-06-09&atto.codiceRedazionale=26A02864&elenco30giorni=false	2026-06-22T17:07:06.363243100+02:00
2026-06-09	131	26A02865	https://www.gazzettaufficiale.it/atto/serie_generale/caricaDettaglioAtto/originario?atto.dataPubblicazioneGazzetta=2026-06-09&atto.codiceRedazionale=26A02865&elenco30giorni=false	2026-06-22T17:07:06.363243100+02:00
2026-06-09	131	26A02866	https://www.gazzettaufficiale.it/atto/serie_generale/caricaDettaglioAtto/originario?atto.dataPubblicazioneGazzetta=2026-06-09&atto.codiceRedazionale=26A02866&elenco30giorni=false	2026-06-22T17:07:06.363243100+02:00
2026-06-09	131	26A02794	https://www.gazzettaufficiale.it/atto/serie_generale/caricaDettaglioAtto/originario?atto.dataPubblicazioneGazzetta=2026-06-09&atto.codiceRedazionale=26A02794&elenco30giorni=false	2026-06-22T17:07:06.363243100+02:00
2026-06-10	132	26A02867	https://www.gazzettaufficiale.it/atto/serie_generale/caricaDettaglioAtto/originario?atto.dataPubblicazioneGazzetta=2026-06-10&atto.codiceRedazionale=26A02867&elenco30giorni=false	2026-06-22T17:07:06.363243100+02:00
2026-06-10	132	26A02798	https://www.gazzettaufficiale.it/atto/serie_generale/caricaDettaglioAtto/originario?atto.dataPubblicazioneGazzetta=2026-06-10&atto.codiceRedazionale=26A02798&elenco30giorni=false	2026-06-22T17:07:06.363243100+02:00
2026-06-10	132	26A02799	https://www.gazzettaufficiale.it/atto/serie_generale/caricaDettaglioAtto/originario?atto.dataPubblicazioneGazzetta=2026-06-10&atto.codiceRedazionale=26A02799&elenco30giorni=false	2026-06-22T17:07:06.363243100+02:00
2026-06-10	132	26A02800	https://www.gazzettaufficiale.it/atto/serie_generale/caricaDettaglioAtto/originario?atto.dataPubblicazioneGazzetta=2026-06-10&atto.codiceRedazionale=26A02800&elenco30giorni=false	2026-06-22T17:07:06.363243100+02:00
2026-06-10	132	26A02868	https://www.gazzettaufficiale.it/atto/serie_generale/caricaDettaglioAtto/originario?atto.dataPubblicazioneGazzetta=2026-06-10&atto.codiceRedazionale=26A02868&elenco30giorni=false	2026-06-22T17:07:06.363243100+02:00
2026-06-10	132	26A02906	https://www.gazzettaufficiale.it/atto/serie_generale/caricaDettaglioAtto/originario?atto.dataPubblicazioneGazzetta=2026-06-10&atto.codiceRedazionale=26A02906&elenco30giorni=false	2026-06-22T17:07:06.363243100+02:00
2026-06-10	132	26A02776	https://www.gazzettaufficiale.it/atto/serie_generale/caricaDettaglioAtto/originario?atto.dataPubblicazioneGazzetta=2026-06-10&atto.codiceRedazionale=26A02776&elenco30giorni=false	2026-06-22T17:07:06.363243100+02:00
2026-06-10	132	26A02777	https://www.gazzettaufficiale.it/atto/serie_generale/caricaDettaglioAtto/originario?atto.dataPubblicazioneGazzetta=2026-06-10&atto.codiceRedazionale=26A02777&elenco30giorni=false	2026-06-22T17:07:06.363243100+02:00
2026-06-10	132	26A02778	https://www.gazzettaufficiale.it/atto/serie_generale/caricaDettaglioAtto/originario?atto.dataPubblicazioneGazzetta=2026-06-10&atto.codiceRedazionale=26A02778&elenco30giorni=false	2026-06-22T17:07:06.363243100+02:00
2026-06-10	132	26A02881	https://www.gazzettaufficiale.it/atto/serie_generale/caricaDettaglioAtto/originario?atto.dataPubblicazioneGazzetta=2026-06-10&atto.codiceRedazionale=26A02881&elenco30giorni=false	2026-06-22T17:07:06.363243100+02:00
2026-06-10	132	26A02882	https://www.gazzettaufficiale.it/atto/serie_generale/caricaDettaglioAtto/originario?atto.dataPubblicazioneGazzetta=2026-06-10&atto.codiceRedazionale=26A02882&elenco30giorni=false	2026-06-22T17:07:06.363243100+02:00
2026-06-10	132	26A02883	https://www.gazzettaufficiale.it/atto/serie_generale/caricaDettaglioAtto/originario?atto.dataPubblicazioneGazzetta=2026-06-10&atto.codiceRedazionale=26A02883&elenco30giorni=false	2026-06-22T17:07:06.363243100+02:00
2026-06-10	132	26A02779	https://www.gazzettaufficiale.it/atto/serie_generale/caricaDettaglioAtto/originario?atto.dataPubblicazioneGazzetta=2026-06-10&atto.codiceRedazionale=26A02779&elenco30giorni=false	2026-06-22T17:07:06.363243100+02:00
2026-06-10	132	26A02780	https://www.gazzettaufficiale.it/atto/serie_generale/caricaDettaglioAtto/originario?atto.dataPubblicazioneGazzetta=2026-06-10&atto.codiceRedazionale=26A02780&elenco30giorni=false	2026-06-22T17:07:06.363243100+02:00
2026-06-10	132	26A02781	https://www.gazzettaufficiale.it/atto/serie_generale/caricaDettaglioAtto/originario?atto.dataPubblicazioneGazzetta=2026-06-10&atto.codiceRedazionale=26A02781&elenco30giorni=false	2026-06-22T17:07:06.363243100+02:00
2026-06-10	132	26A02782	https://www.gazzettaufficiale.it/atto/serie_generale/caricaDettaglioAtto/originario?atto.dataPubblicazioneGazzetta=2026-06-10&atto.codiceRedazionale=26A02782&elenco30giorni=false	2026-06-22T17:07:06.363243100+02:00
2026-06-10	132	26A02622	https://www.gazzettaufficiale.it/atto/serie_generale/caricaDettaglioAtto/originario?atto.dataPubblicazioneGazzetta=2026-06-10&atto.codiceRedazionale=26A02622&elenco30giorni=false	2026-06-22T17:07:06.363243100+02:00
2026-06-10	132	26A02833	https://www.gazzettaufficiale.it/atto/serie_generale/caricaDettaglioAtto/originario?atto.dataPubblicazioneGazzetta=2026-06-10&atto.codiceRedazionale=26A02833&elenco30giorni=false	2026-06-22T17:07:06.363243100+02:00
2026-06-10	132	26A02834	https://www.gazzettaufficiale.it/atto/serie_generale/caricaDettaglioAtto/originario?atto.dataPubblicazioneGazzetta=2026-06-10&atto.codiceRedazionale=26A02834&elenco30giorni=false	2026-06-22T17:07:06.363243100+02:00
2026-06-10	132	26A02871	https://www.gazzettaufficiale.it/atto/serie_generale/caricaDettaglioAtto/originario?atto.dataPubblicazioneGazzetta=2026-06-10&atto.codiceRedazionale=26A02871&elenco30giorni=false	2026-06-22T17:07:06.363243100+02:00
2026-06-10	132	26A02872	https://www.gazzettaufficiale.it/atto/serie_generale/caricaDettaglioAtto/originario?atto.dataPubblicazioneGazzetta=2026-06-10&atto.codiceRedazionale=26A02872&elenco30giorni=false	2026-06-22T17:07:06.363243100+02:00
2026-06-10	132	26A02873	https://www.gazzettaufficiale.it/atto/serie_generale/caricaDettaglioAtto/originario?atto.dataPubblicazioneGazzetta=2026-06-10&atto.codiceRedazionale=26A02873&elenco30giorni=false	2026-06-22T17:07:06.363243100+02:00
2026-06-10	132	26A02869	https://www.gazzettaufficiale.it/atto/serie_generale/caricaDettaglioAtto/originario?atto.dataPubblicazioneGazzetta=2026-06-10&atto.codiceRedazionale=26A02869&elenco30giorni=false	2026-06-22T17:07:06.363243100+02:00
2026-06-10	132	26A02870	https://www.gazzettaufficiale.it/atto/serie_generale/caricaDettaglioAtto/originario?atto.dataPubblicazioneGazzetta=2026-06-10&atto.codiceRedazionale=26A02870&elenco30giorni=false	2026-06-22T17:07:06.363243100+02:00
2026-06-10	132	26A02907	https://www.gazzettaufficiale.it/atto/serie_generale/caricaDettaglioAtto/originario?atto.dataPubblicazioneGazzetta=2026-06-10&atto.codiceRedazionale=26A02907&elenco30giorni=false	2026-06-22T17:07:06.363243100+02:00
2026-06-10	132	26A02908	https://www.gazzettaufficiale.it/atto/serie_generale/caricaDettaglioAtto/originario?atto.dataPubblicazioneGazzetta=2026-06-10&atto.codiceRedazionale=26A02908&elenco30giorni=false	2026-06-22T17:07:06.363243100+02:00
2026-06-10	132	26A02909	https://www.gazzettaufficiale.it/atto/serie_generale/caricaDettaglioAtto/originario?atto.dataPubblicazioneGazzetta=2026-06-10&atto.codiceRedazionale=26A02909&elenco30giorni=false	2026-06-22T17:07:06.363243100+02:00
2026-06-10	132	26A02910	https://www.gazzettaufficiale.it/atto/serie_generale/caricaDettaglioAtto/originario?atto.dataPubblicazioneGazzetta=2026-06-10&atto.codiceRedazionale=26A02910&elenco30giorni=false	2026-06-22T17:07:06.363243100+02:00
2026-06-10	132	26A02911	https://www.gazzettaufficiale.it/atto/serie_generale/caricaDettaglioAtto/originario?atto.dataPubblicazioneGazzetta=2026-06-10&atto.codiceRedazionale=26A02911&elenco30giorni=false	2026-06-22T17:07:06.363243100+02:00
2026-06-10	132	26A02801	https://www.gazzettaufficiale.it/atto/serie_generale/caricaDettaglioAtto/originario?atto.dataPubblicazioneGazzetta=2026-06-10&atto.codiceRedazionale=26A02801&elenco30giorni=false	2026-06-22T17:07:06.363243100+02:00
2026-06-11	133	26A02896	https://www.gazzettaufficiale.it/atto/serie_generale/caricaDettaglioAtto/originario?atto.dataPubblicazioneGazzetta=2026-06-11&atto.codiceRedazionale=26A02896&elenco30giorni=false	2026-06-22T17:07:06.363243100+02:00
2026-06-11	133	26A02884	https://www.gazzettaufficiale.it/atto/serie_generale/caricaDettaglioAtto/originario?atto.dataPubblicazioneGazzetta=2026-06-11&atto.codiceRedazionale=26A02884&elenco30giorni=false	2026-06-22T17:07:06.363243100+02:00
2026-06-11	133	26A02885	https://www.gazzettaufficiale.it/atto/serie_generale/caricaDettaglioAtto/originario?atto.dataPubblicazioneGazzetta=2026-06-11&atto.codiceRedazionale=26A02885&elenco30giorni=false	2026-06-22T17:07:06.363243100+02:00
2026-06-11	133	26A02892	https://www.gazzettaufficiale.it/atto/serie_generale/caricaDettaglioAtto/originario?atto.dataPubblicazioneGazzetta=2026-06-11&atto.codiceRedazionale=26A02892&elenco30giorni=false	2026-06-22T17:07:06.363243100+02:00
2026-06-11	133	26A02783	https://www.gazzettaufficiale.it/atto/serie_generale/caricaDettaglioAtto/originario?atto.dataPubblicazioneGazzetta=2026-06-11&atto.codiceRedazionale=26A02783&elenco30giorni=false	2026-06-22T17:07:06.363243100+02:00
2026-06-11	133	26A02886	https://www.gazzettaufficiale.it/atto/serie_generale/caricaDettaglioAtto/originario?atto.dataPubblicazioneGazzetta=2026-06-11&atto.codiceRedazionale=26A02886&elenco30giorni=false	2026-06-22T17:07:06.363243100+02:00
2026-06-11	133	26A02887	https://www.gazzettaufficiale.it/atto/serie_generale/caricaDettaglioAtto/originario?atto.dataPubblicazioneGazzetta=2026-06-11&atto.codiceRedazionale=26A02887&elenco30giorni=false	2026-06-22T17:07:06.363243100+02:00
2026-06-11	133	26A02888	https://www.gazzettaufficiale.it/atto/serie_generale/caricaDettaglioAtto/originario?atto.dataPubblicazioneGazzetta=2026-06-11&atto.codiceRedazionale=26A02888&elenco30giorni=false	2026-06-22T17:07:06.363243100+02:00
2026-06-11	133	26A02889	https://www.gazzettaufficiale.it/atto/serie_generale/caricaDettaglioAtto/originario?atto.dataPubblicazioneGazzetta=2026-06-11&atto.codiceRedazionale=26A02889&elenco30giorni=false	2026-06-22T17:07:06.363243100+02:00
2026-06-11	133	26A02897	https://www.gazzettaufficiale.it/atto/serie_generale/caricaDettaglioAtto/originario?atto.dataPubblicazioneGazzetta=2026-06-11&atto.codiceRedazionale=26A02897&elenco30giorni=false	2026-06-22T17:07:06.363243100+02:00
2026-06-11	133	26A02898	https://www.gazzettaufficiale.it/atto/serie_generale/caricaDettaglioAtto/originario?atto.dataPubblicazioneGazzetta=2026-06-11&atto.codiceRedazionale=26A02898&elenco30giorni=false	2026-06-22T17:07:06.363243100+02:00
2026-06-11	133	26A02874	https://www.gazzettaufficiale.it/atto/serie_generale/caricaDettaglioAtto/originario?atto.dataPubblicazioneGazzetta=2026-06-11&atto.codiceRedazionale=26A02874&elenco30giorni=false	2026-06-22T17:07:06.363243100+02:00
2026-06-11	133	26A02875	https://www.gazzettaufficiale.it/atto/serie_generale/caricaDettaglioAtto/originario?atto.dataPubblicazioneGazzetta=2026-06-11&atto.codiceRedazionale=26A02875&elenco30giorni=false	2026-06-22T17:07:06.363243100+02:00
2026-06-11	133	26A02876	https://www.gazzettaufficiale.it/atto/serie_generale/caricaDettaglioAtto/originario?atto.dataPubblicazioneGazzetta=2026-06-11&atto.codiceRedazionale=26A02876&elenco30giorni=false	2026-06-22T17:07:06.363243100+02:00
2026-06-11	133	26A02891	https://www.gazzettaufficiale.it/atto/serie_generale/caricaDettaglioAtto/originario?atto.dataPubblicazioneGazzetta=2026-06-11&atto.codiceRedazionale=26A02891&elenco30giorni=false	2026-06-22T17:07:06.363243100+02:00
2026-06-12	134	26G00117	https://www.gazzettaufficiale.it/atto/serie_generale/caricaDettaglioAtto/originario?atto.dataPubblicazioneGazzetta=2026-06-12&atto.codiceRedazionale=26G00117&elenco30giorni=false	2026-06-22T17:07:06.363243100+02:00
2026-06-12	134	26G00119	https://www.gazzettaufficiale.it/atto/serie_generale/caricaDettaglioAtto/originario?atto.dataPubblicazioneGazzetta=2026-06-12&atto.codiceRedazionale=26G00119&elenco30giorni=false	2026-06-22T17:07:06.363243100+02:00
2026-06-12	134	26A02927	https://www.gazzettaufficiale.it/atto/serie_generale/caricaDettaglioAtto/originario?atto.dataPubblicazioneGazzetta=2026-06-12&atto.codiceRedazionale=26A02927&elenco30giorni=false	2026-06-22T17:07:06.363243100+02:00
2026-06-12	134	26A02893	https://www.gazzettaufficiale.it/atto/serie_generale/caricaDettaglioAtto/originario?atto.dataPubblicazioneGazzetta=2026-06-12&atto.codiceRedazionale=26A02893&elenco30giorni=false	2026-06-22T17:07:06.363243100+02:00
2026-06-12	134	26A02784	https://www.gazzettaufficiale.it/atto/serie_generale/caricaDettaglioAtto/originario?atto.dataPubblicazioneGazzetta=2026-06-12&atto.codiceRedazionale=26A02784&elenco30giorni=false	2026-06-22T17:07:06.363243100+02:00
2026-06-12	134	26A02785	https://www.gazzettaufficiale.it/atto/serie_generale/caricaDettaglioAtto/originario?atto.dataPubblicazioneGazzetta=2026-06-12&atto.codiceRedazionale=26A02785&elenco30giorni=false	2026-06-22T17:07:06.363243100+02:00
2026-06-12	134	26A02786	https://www.gazzettaufficiale.it/atto/serie_generale/caricaDettaglioAtto/originario?atto.dataPubblicazioneGazzetta=2026-06-12&atto.codiceRedazionale=26A02786&elenco30giorni=false	2026-06-22T17:07:06.363243100+02:00
2026-06-12	134	26A02890	https://www.gazzettaufficiale.it/atto/serie_generale/caricaDettaglioAtto/originario?atto.dataPubblicazioneGazzetta=2026-06-12&atto.codiceRedazionale=26A02890&elenco30giorni=false	2026-06-22T17:07:06.363243100+02:00
2026-06-12	134	26A02926	https://www.gazzettaufficiale.it/atto/serie_generale/caricaDettaglioAtto/originario?atto.dataPubblicazioneGazzetta=2026-06-12&atto.codiceRedazionale=26A02926&elenco30giorni=false	2026-06-22T17:07:06.363243100+02:00
2026-06-12	134	26A02944	https://www.gazzettaufficiale.it/atto/serie_generale/caricaDettaglioAtto/originario?atto.dataPubblicazioneGazzetta=2026-06-12&atto.codiceRedazionale=26A02944&elenco30giorni=false	2026-06-22T17:07:06.363243100+02:00
2026-06-12	134	26A02928	https://www.gazzettaufficiale.it/atto/serie_generale/caricaDettaglioAtto/originario?atto.dataPubblicazioneGazzetta=2026-06-12&atto.codiceRedazionale=26A02928&elenco30giorni=false	2026-06-22T17:07:06.363243100+02:00
2026-06-12	134	26A02877	https://www.gazzettaufficiale.it/atto/serie_generale/caricaDettaglioAtto/originario?atto.dataPubblicazioneGazzetta=2026-06-12&atto.codiceRedazionale=26A02877&elenco30giorni=false	2026-06-22T17:07:06.363243100+02:00
2026-06-12	134	26A02945	https://www.gazzettaufficiale.it/atto/serie_generale/caricaDettaglioAtto/originario?atto.dataPubblicazioneGazzetta=2026-06-12&atto.codiceRedazionale=26A02945&elenco30giorni=false	2026-06-22T17:07:06.363243100+02:00
2026-06-12	134	26A02912	https://www.gazzettaufficiale.it/atto/serie_generale/caricaDettaglioAtto/originario?atto.dataPubblicazioneGazzetta=2026-06-12&atto.codiceRedazionale=26A02912&elenco30giorni=false	2026-06-22T17:07:06.363243100+02:00
2026-06-12	134	26A02899	https://www.gazzettaufficiale.it/atto/serie_generale/caricaDettaglioAtto/originario?atto.dataPubblicazioneGazzetta=2026-06-12&atto.codiceRedazionale=26A02899&elenco30giorni=false	2026-06-22T17:07:06.363243100+02:00
2026-06-12	134	26A02746	https://www.gazzettaufficiale.it/atto/serie_generale/caricaDettaglioAtto/originario?atto.dataPubblicazioneGazzetta=2026-06-12&atto.codiceRedazionale=26A02746&elenco30giorni=false	2026-06-22T17:07:06.363243100+02:00
2026-06-13	135	26A02924	https://www.gazzettaufficiale.it/atto/serie_generale/caricaDettaglioAtto/originario?atto.dataPubblicazioneGazzetta=2026-06-13&atto.codiceRedazionale=26A02924&elenco30giorni=false	2026-06-22T17:07:06.363243100+02:00
2026-06-13	135	26A02808	https://www.gazzettaufficiale.it/atto/serie_generale/caricaDettaglioAtto/originario?atto.dataPubblicazioneGazzetta=2026-06-13&atto.codiceRedazionale=26A02808&elenco30giorni=false	2026-06-22T17:07:06.363243100+02:00
2026-06-13	135	26A02809	https://www.gazzettaufficiale.it/atto/serie_generale/caricaDettaglioAtto/originario?atto.dataPubblicazioneGazzetta=2026-06-13&atto.codiceRedazionale=26A02809&elenco30giorni=false	2026-06-22T17:07:06.363243100+02:00
2026-06-13	135	26A02810	https://www.gazzettaufficiale.it/atto/serie_generale/caricaDettaglioAtto/originario?atto.dataPubblicazioneGazzetta=2026-06-13&atto.codiceRedazionale=26A02810&elenco30giorni=false	2026-06-22T17:07:06.363243100+02:00
2026-06-13	135	26A02807	https://www.gazzettaufficiale.it/atto/serie_generale/caricaDettaglioAtto/originario?atto.dataPubblicazioneGazzetta=2026-06-13&atto.codiceRedazionale=26A02807&elenco30giorni=false	2026-06-22T17:07:06.363243100+02:00
2026-06-13	135	26A02929	https://www.gazzettaufficiale.it/atto/serie_generale/caricaDettaglioAtto/originario?atto.dataPubblicazioneGazzetta=2026-06-13&atto.codiceRedazionale=26A02929&elenco30giorni=false	2026-06-22T17:07:06.363243100+02:00
2026-06-13	135	26A02930	https://www.gazzettaufficiale.it/atto/serie_generale/caricaDettaglioAtto/originario?atto.dataPubblicazioneGazzetta=2026-06-13&atto.codiceRedazionale=26A02930&elenco30giorni=false	2026-06-22T17:07:06.363243100+02:00
2026-06-13	135	26A02894	https://www.gazzettaufficiale.it/atto/serie_generale/caricaDettaglioAtto/originario?atto.dataPubblicazioneGazzetta=2026-06-13&atto.codiceRedazionale=26A02894&elenco30giorni=false	2026-06-22T17:07:06.363243100+02:00
2026-06-13	135	26A02895	https://www.gazzettaufficiale.it/atto/serie_generale/caricaDettaglioAtto/originario?atto.dataPubblicazioneGazzetta=2026-06-13&atto.codiceRedazionale=26A02895&elenco30giorni=false	2026-06-22T17:07:06.363243100+02:00
2026-06-13	135	26A02900	https://www.gazzettaufficiale.it/atto/serie_generale/caricaDettaglioAtto/originario?atto.dataPubblicazioneGazzetta=2026-06-13&atto.codiceRedazionale=26A02900&elenco30giorni=false	2026-06-22T17:07:06.363243100+02:00
2026-06-13	135	26A02901	https://www.gazzettaufficiale.it/atto/serie_generale/caricaDettaglioAtto/originario?atto.dataPubblicazioneGazzetta=2026-06-13&atto.codiceRedazionale=26A02901&elenco30giorni=false	2026-06-22T17:07:06.363243100+02:00
2026-06-13	135	26A02902	https://www.gazzettaufficiale.it/atto/serie_generale/caricaDettaglioAtto/originario?atto.dataPubblicazioneGazzetta=2026-06-13&atto.codiceRedazionale=26A02902&elenco30giorni=false	2026-06-22T17:07:06.363243100+02:00
2026-06-13	135	26A02913	https://www.gazzettaufficiale.it/atto/serie_generale/caricaDettaglioAtto/originario?atto.dataPubblicazioneGazzetta=2026-06-13&atto.codiceRedazionale=26A02913&elenco30giorni=false	2026-06-22T17:07:06.363243100+02:00
2026-06-13	135	26A02878	https://www.gazzettaufficiale.it/atto/serie_generale/caricaDettaglioAtto/originario?atto.dataPubblicazioneGazzetta=2026-06-13&atto.codiceRedazionale=26A02878&elenco30giorni=false	2026-06-22T17:07:06.363243100+02:00
2026-06-13	135	26A02995	https://www.gazzettaufficiale.it/atto/serie_generale/caricaDettaglioAtto/originario?atto.dataPubblicazioneGazzetta=2026-06-13&atto.codiceRedazionale=26A02995&elenco30giorni=false	2026-06-22T17:07:06.363243100+02:00
2026-06-13	135	26A02933	https://www.gazzettaufficiale.it/atto/serie_generale/caricaDettaglioAtto/originario?atto.dataPubblicazioneGazzetta=2026-06-13&atto.codiceRedazionale=26A02933&elenco30giorni=false	2026-06-22T17:07:06.363243100+02:00
2026-06-13	135	26A02748	https://www.gazzettaufficiale.it/atto/serie_generale/caricaDettaglioAtto/originario?atto.dataPubblicazioneGazzetta=2026-06-13&atto.codiceRedazionale=26A02748&elenco30giorni=false	2026-06-22T17:07:06.363243100+02:00
2026-06-15	136	26A02947	https://www.gazzettaufficiale.it/atto/serie_generale/caricaDettaglioAtto/originario?atto.dataPubblicazioneGazzetta=2026-06-15&atto.codiceRedazionale=26A02947&elenco30giorni=false	2026-06-22T17:07:06.363243100+02:00
2026-06-15	136	26A02946	https://www.gazzettaufficiale.it/atto/serie_generale/caricaDettaglioAtto/originario?atto.dataPubblicazioneGazzetta=2026-06-15&atto.codiceRedazionale=26A02946&elenco30giorni=false	2026-06-22T17:07:06.363243100+02:00
2026-06-15	136	26A02934	https://www.gazzettaufficiale.it/atto/serie_generale/caricaDettaglioAtto/originario?atto.dataPubblicazioneGazzetta=2026-06-15&atto.codiceRedazionale=26A02934&elenco30giorni=false	2026-06-22T17:07:06.363243100+02:00
2026-06-15	136	26A02935	https://www.gazzettaufficiale.it/atto/serie_generale/caricaDettaglioAtto/originario?atto.dataPubblicazioneGazzetta=2026-06-15&atto.codiceRedazionale=26A02935&elenco30giorni=false	2026-06-22T17:07:06.363243100+02:00
2026-06-15	136	26A02931	https://www.gazzettaufficiale.it/atto/serie_generale/caricaDettaglioAtto/originario?atto.dataPubblicazioneGazzetta=2026-06-15&atto.codiceRedazionale=26A02931&elenco30giorni=false	2026-06-22T17:07:06.363243100+02:00
2026-06-15	136	26A02811	https://www.gazzettaufficiale.it/atto/serie_generale/caricaDettaglioAtto/originario?atto.dataPubblicazioneGazzetta=2026-06-15&atto.codiceRedazionale=26A02811&elenco30giorni=false	2026-06-22T17:07:06.363243100+02:00
2026-06-15	136	26A02812	https://www.gazzettaufficiale.it/atto/serie_generale/caricaDettaglioAtto/originario?atto.dataPubblicazioneGazzetta=2026-06-15&atto.codiceRedazionale=26A02812&elenco30giorni=false	2026-06-22T17:07:06.363243100+02:00
2026-06-15	136	26A02813	https://www.gazzettaufficiale.it/atto/serie_generale/caricaDettaglioAtto/originario?atto.dataPubblicazioneGazzetta=2026-06-15&atto.codiceRedazionale=26A02813&elenco30giorni=false	2026-06-22T17:07:06.363243100+02:00
2026-06-15	136	26A02932	https://www.gazzettaufficiale.it/atto/serie_generale/caricaDettaglioAtto/originario?atto.dataPubblicazioneGazzetta=2026-06-15&atto.codiceRedazionale=26A02932&elenco30giorni=false	2026-06-22T17:07:06.363243100+02:00
2026-06-15	136	26A02948	https://www.gazzettaufficiale.it/atto/serie_generale/caricaDettaglioAtto/originario?atto.dataPubblicazioneGazzetta=2026-06-15&atto.codiceRedazionale=26A02948&elenco30giorni=false	2026-06-22T17:07:06.363243100+02:00
2026-06-15	136	26A02903	https://www.gazzettaufficiale.it/atto/serie_generale/caricaDettaglioAtto/originario?atto.dataPubblicazioneGazzetta=2026-06-15&atto.codiceRedazionale=26A02903&elenco30giorni=false	2026-06-22T17:07:06.363243100+02:00
2026-06-15	136	26A02904	https://www.gazzettaufficiale.it/atto/serie_generale/caricaDettaglioAtto/originario?atto.dataPubblicazioneGazzetta=2026-06-15&atto.codiceRedazionale=26A02904&elenco30giorni=false	2026-06-22T17:07:06.363243100+02:00
2026-06-15	136	26A02905	https://www.gazzettaufficiale.it/atto/serie_generale/caricaDettaglioAtto/originario?atto.dataPubblicazioneGazzetta=2026-06-15&atto.codiceRedazionale=26A02905&elenco30giorni=false	2026-06-22T17:07:06.363243100+02:00
2026-06-15	136	26A02936	https://www.gazzettaufficiale.it/atto/serie_generale/caricaDettaglioAtto/originario?atto.dataPubblicazioneGazzetta=2026-06-15&atto.codiceRedazionale=26A02936&elenco30giorni=false	2026-06-22T17:07:06.363243100+02:00
2026-06-15	136	26A02937	https://www.gazzettaufficiale.it/atto/serie_generale/caricaDettaglioAtto/originario?atto.dataPubblicazioneGazzetta=2026-06-15&atto.codiceRedazionale=26A02937&elenco30giorni=false	2026-06-22T17:07:06.363243100+02:00
2026-06-15	136	26A02859	https://www.gazzettaufficiale.it/atto/serie_generale/caricaDettaglioAtto/originario?atto.dataPubblicazioneGazzetta=2026-06-15&atto.codiceRedazionale=26A02859&elenco30giorni=false	2026-06-22T17:07:06.363243100+02:00
2026-06-16	137	26G00118	https://www.gazzettaufficiale.it/atto/serie_generale/caricaDettaglioAtto/originario?atto.dataPubblicazioneGazzetta=2026-06-16&atto.codiceRedazionale=26G00118&elenco30giorni=false	2026-06-22T17:07:06.363243100+02:00
2026-06-16	137	26A02939	https://www.gazzettaufficiale.it/atto/serie_generale/caricaDettaglioAtto/originario?atto.dataPubblicazioneGazzetta=2026-06-16&atto.codiceRedazionale=26A02939&elenco30giorni=false	2026-06-22T17:07:06.363243100+02:00
2026-06-16	137	26A02956	https://www.gazzettaufficiale.it/atto/serie_generale/caricaDettaglioAtto/originario?atto.dataPubblicazioneGazzetta=2026-06-16&atto.codiceRedazionale=26A02956&elenco30giorni=false	2026-06-22T17:07:06.363243100+02:00
2026-06-16	137	26A02996	https://www.gazzettaufficiale.it/atto/serie_generale/caricaDettaglioAtto/originario?atto.dataPubblicazioneGazzetta=2026-06-16&atto.codiceRedazionale=26A02996&elenco30giorni=false	2026-06-22T17:07:06.363243100+02:00
2026-06-16	137	26A02997	https://www.gazzettaufficiale.it/atto/serie_generale/caricaDettaglioAtto/originario?atto.dataPubblicazioneGazzetta=2026-06-16&atto.codiceRedazionale=26A02997&elenco30giorni=false	2026-06-22T17:07:06.363243100+02:00
2026-06-16	137	26A02998	https://www.gazzettaufficiale.it/atto/serie_generale/caricaDettaglioAtto/originario?atto.dataPubblicazioneGazzetta=2026-06-16&atto.codiceRedazionale=26A02998&elenco30giorni=false	2026-06-22T17:07:06.363243100+02:00
2026-06-16	137	26A02999	https://www.gazzettaufficiale.it/atto/serie_generale/caricaDettaglioAtto/originario?atto.dataPubblicazioneGazzetta=2026-06-16&atto.codiceRedazionale=26A02999&elenco30giorni=false	2026-06-22T17:07:06.363243100+02:00
2026-06-16	137	26A02814	https://www.gazzettaufficiale.it/atto/serie_generale/caricaDettaglioAtto/originario?atto.dataPubblicazioneGazzetta=2026-06-16&atto.codiceRedazionale=26A02814&elenco30giorni=false	2026-06-22T17:07:06.363243100+02:00
2026-06-16	137	26A02815	https://www.gazzettaufficiale.it/atto/serie_generale/caricaDettaglioAtto/originario?atto.dataPubblicazioneGazzetta=2026-06-16&atto.codiceRedazionale=26A02815&elenco30giorni=false	2026-06-22T17:07:06.363243100+02:00
2026-06-16	137	26A02816	https://www.gazzettaufficiale.it/atto/serie_generale/caricaDettaglioAtto/originario?atto.dataPubblicazioneGazzetta=2026-06-16&atto.codiceRedazionale=26A02816&elenco30giorni=false	2026-06-22T17:07:06.363243100+02:00
2026-06-16	137	26A02938	https://www.gazzettaufficiale.it/atto/serie_generale/caricaDettaglioAtto/originario?atto.dataPubblicazioneGazzetta=2026-06-16&atto.codiceRedazionale=26A02938&elenco30giorni=false	2026-06-22T17:07:06.363243100+02:00
2026-06-16	137	26A02949	https://www.gazzettaufficiale.it/atto/serie_generale/caricaDettaglioAtto/originario?atto.dataPubblicazioneGazzetta=2026-06-16&atto.codiceRedazionale=26A02949&elenco30giorni=false	2026-06-22T17:07:06.363243100+02:00
2026-06-16	137	26A02950	https://www.gazzettaufficiale.it/atto/serie_generale/caricaDettaglioAtto/originario?atto.dataPubblicazioneGazzetta=2026-06-16&atto.codiceRedazionale=26A02950&elenco30giorni=false	2026-06-22T17:07:06.363243100+02:00
2026-06-16	137	26A02951	https://www.gazzettaufficiale.it/atto/serie_generale/caricaDettaglioAtto/originario?atto.dataPubblicazioneGazzetta=2026-06-16&atto.codiceRedazionale=26A02951&elenco30giorni=false	2026-06-22T17:07:06.363243100+02:00
2026-06-16	137	26A02952	https://www.gazzettaufficiale.it/atto/serie_generale/caricaDettaglioAtto/originario?atto.dataPubblicazioneGazzetta=2026-06-16&atto.codiceRedazionale=26A02952&elenco30giorni=false	2026-06-22T17:07:06.363243100+02:00
2026-06-16	137	26A02914	https://www.gazzettaufficiale.it/atto/serie_generale/caricaDettaglioAtto/originario?atto.dataPubblicazioneGazzetta=2026-06-16&atto.codiceRedazionale=26A02914&elenco30giorni=false	2026-06-22T17:07:06.363243100+02:00
2026-06-16	137	26A02915	https://www.gazzettaufficiale.it/atto/serie_generale/caricaDettaglioAtto/originario?atto.dataPubblicazioneGazzetta=2026-06-16&atto.codiceRedazionale=26A02915&elenco30giorni=false	2026-06-22T17:07:06.363243100+02:00
2026-06-16	137	26A02916	https://www.gazzettaufficiale.it/atto/serie_generale/caricaDettaglioAtto/originario?atto.dataPubblicazioneGazzetta=2026-06-16&atto.codiceRedazionale=26A02916&elenco30giorni=false	2026-06-22T17:07:06.363243100+02:00
2026-06-16	137	26A02917	https://www.gazzettaufficiale.it/atto/serie_generale/caricaDettaglioAtto/originario?atto.dataPubblicazioneGazzetta=2026-06-16&atto.codiceRedazionale=26A02917&elenco30giorni=false	2026-06-22T17:07:06.363243100+02:00
2026-06-16	137	26A02918	https://www.gazzettaufficiale.it/atto/serie_generale/caricaDettaglioAtto/originario?atto.dataPubblicazioneGazzetta=2026-06-16&atto.codiceRedazionale=26A02918&elenco30giorni=false	2026-06-22T17:07:06.363243100+02:00
2026-06-16	137	26A02958	https://www.gazzettaufficiale.it/atto/serie_generale/caricaDettaglioAtto/originario?atto.dataPubblicazioneGazzetta=2026-06-16&atto.codiceRedazionale=26A02958&elenco30giorni=false	2026-06-22T17:07:06.363243100+02:00
2026-06-16	137	26A02960	https://www.gazzettaufficiale.it/atto/serie_generale/caricaDettaglioAtto/originario?atto.dataPubblicazioneGazzetta=2026-06-16&atto.codiceRedazionale=26A02960&elenco30giorni=false	2026-06-22T17:07:06.363243100+02:00
2026-06-16	137	26A03067	https://www.gazzettaufficiale.it/atto/serie_generale/caricaDettaglioAtto/originario?atto.dataPubblicazioneGazzetta=2026-06-16&atto.codiceRedazionale=26A03067&elenco30giorni=false	2026-06-22T17:07:06.363243100+02:00
2026-06-16	137	26A02957	https://www.gazzettaufficiale.it/atto/serie_generale/caricaDettaglioAtto/originario?atto.dataPubblicazioneGazzetta=2026-06-16&atto.codiceRedazionale=26A02957&elenco30giorni=false	2026-06-22T17:07:06.363243100+02:00
2026-06-16	137	26A02959	https://www.gazzettaufficiale.it/atto/serie_generale/caricaDettaglioAtto/originario?atto.dataPubblicazioneGazzetta=2026-06-16&atto.codiceRedazionale=26A02959&elenco30giorni=false	2026-06-22T17:07:06.363243100+02:00
2026-06-16	137	26A02919	https://www.gazzettaufficiale.it/atto/serie_generale/caricaDettaglioAtto/originario?atto.dataPubblicazioneGazzetta=2026-06-16&atto.codiceRedazionale=26A02919&elenco30giorni=false	2026-06-22T17:07:06.363243100+02:00
2026-06-16	137	26A02920	https://www.gazzettaufficiale.it/atto/serie_generale/caricaDettaglioAtto/originario?atto.dataPubblicazioneGazzetta=2026-06-16&atto.codiceRedazionale=26A02920&elenco30giorni=false	2026-06-22T17:07:06.363243100+02:00
2026-06-16	137	26A02921	https://www.gazzettaufficiale.it/atto/serie_generale/caricaDettaglioAtto/originario?atto.dataPubblicazioneGazzetta=2026-06-16&atto.codiceRedazionale=26A02921&elenco30giorni=false	2026-06-22T17:07:06.363243100+02:00
2026-06-16	137	26A02953	https://www.gazzettaufficiale.it/atto/serie_generale/caricaDettaglioAtto/originario?atto.dataPubblicazioneGazzetta=2026-06-16&atto.codiceRedazionale=26A02953&elenco30giorni=false	2026-06-22T17:07:06.363243100+02:00
2026-06-16	137	26A02954	https://www.gazzettaufficiale.it/atto/serie_generale/caricaDettaglioAtto/originario?atto.dataPubblicazioneGazzetta=2026-06-16&atto.codiceRedazionale=26A02954&elenco30giorni=false	2026-06-22T17:07:06.363243100+02:00
2026-06-16	137	26A02955	https://www.gazzettaufficiale.it/atto/serie_generale/caricaDettaglioAtto/originario?atto.dataPubblicazioneGazzetta=2026-06-16&atto.codiceRedazionale=26A02955&elenco30giorni=false	2026-06-22T17:07:06.363243100+02:00
2026-06-16	137	26A02940	https://www.gazzettaufficiale.it/atto/serie_generale/caricaDettaglioAtto/originario?atto.dataPubblicazioneGazzetta=2026-06-16&atto.codiceRedazionale=26A02940&elenco30giorni=false	2026-06-22T17:07:06.363243100+02:00
2026-06-17	138	26G00120	https://www.gazzettaufficiale.it/atto/serie_generale/caricaDettaglioAtto/originario?atto.dataPubblicazioneGazzetta=2026-06-17&atto.codiceRedazionale=26G00120&elenco30giorni=false	2026-06-22T17:07:06.363243100+02:00
2026-06-17	138	26A03009	https://www.gazzettaufficiale.it/atto/serie_generale/caricaDettaglioAtto/originario?atto.dataPubblicazioneGazzetta=2026-06-17&atto.codiceRedazionale=26A03009&elenco30giorni=false	2026-06-22T17:07:06.363243100+02:00
2026-06-17	138	26A03010	https://www.gazzettaufficiale.it/atto/serie_generale/caricaDettaglioAtto/originario?atto.dataPubblicazioneGazzetta=2026-06-17&atto.codiceRedazionale=26A03010&elenco30giorni=false	2026-06-22T17:07:06.363243100+02:00
2026-06-17	138	26A03011	https://www.gazzettaufficiale.it/atto/serie_generale/caricaDettaglioAtto/originario?atto.dataPubblicazioneGazzetta=2026-06-17&atto.codiceRedazionale=26A03011&elenco30giorni=false	2026-06-22T17:07:06.363243100+02:00
2026-06-17	138	26A03012	https://www.gazzettaufficiale.it/atto/serie_generale/caricaDettaglioAtto/originario?atto.dataPubblicazioneGazzetta=2026-06-17&atto.codiceRedazionale=26A03012&elenco30giorni=false	2026-06-22T17:07:06.363243100+02:00
2026-06-17	138	26A03013	https://www.gazzettaufficiale.it/atto/serie_generale/caricaDettaglioAtto/originario?atto.dataPubblicazioneGazzetta=2026-06-17&atto.codiceRedazionale=26A03013&elenco30giorni=false	2026-06-22T17:07:06.363243100+02:00
2026-06-17	138	26A03014	https://www.gazzettaufficiale.it/atto/serie_generale/caricaDettaglioAtto/originario?atto.dataPubblicazioneGazzetta=2026-06-17&atto.codiceRedazionale=26A03014&elenco30giorni=false	2026-06-22T17:07:06.363243100+02:00
2026-06-17	138	26A03015	https://www.gazzettaufficiale.it/atto/serie_generale/caricaDettaglioAtto/originario?atto.dataPubblicazioneGazzetta=2026-06-17&atto.codiceRedazionale=26A03015&elenco30giorni=false	2026-06-22T17:07:06.363243100+02:00
2026-06-17	138	26A03016	https://www.gazzettaufficiale.it/atto/serie_generale/caricaDettaglioAtto/originario?atto.dataPubblicazioneGazzetta=2026-06-17&atto.codiceRedazionale=26A03016&elenco30giorni=false	2026-06-22T17:07:06.363243100+02:00
2026-06-17	138	26A03017	https://www.gazzettaufficiale.it/atto/serie_generale/caricaDettaglioAtto/originario?atto.dataPubblicazioneGazzetta=2026-06-17&atto.codiceRedazionale=26A03017&elenco30giorni=false	2026-06-22T17:07:06.363243100+02:00
2026-06-17	138	26A02983	https://www.gazzettaufficiale.it/atto/serie_generale/caricaDettaglioAtto/originario?atto.dataPubblicazioneGazzetta=2026-06-17&atto.codiceRedazionale=26A02983&elenco30giorni=false	2026-06-22T17:07:06.363243100+02:00
2026-06-17	138	26A02817	https://www.gazzettaufficiale.it/atto/serie_generale/caricaDettaglioAtto/originario?atto.dataPubblicazioneGazzetta=2026-06-17&atto.codiceRedazionale=26A02817&elenco30giorni=false	2026-06-22T17:07:06.363243100+02:00
2026-06-17	138	26A02818	https://www.gazzettaufficiale.it/atto/serie_generale/caricaDettaglioAtto/originario?atto.dataPubblicazioneGazzetta=2026-06-17&atto.codiceRedazionale=26A02818&elenco30giorni=false	2026-06-22T17:07:06.363243100+02:00
2026-06-17	138	26A02819	https://www.gazzettaufficiale.it/atto/serie_generale/caricaDettaglioAtto/originario?atto.dataPubblicazioneGazzetta=2026-06-17&atto.codiceRedazionale=26A02819&elenco30giorni=false	2026-06-22T17:07:06.363243100+02:00
2026-06-17	138	26A02979	https://www.gazzettaufficiale.it/atto/serie_generale/caricaDettaglioAtto/originario?atto.dataPubblicazioneGazzetta=2026-06-17&atto.codiceRedazionale=26A02979&elenco30giorni=false	2026-06-22T17:07:06.363243100+02:00
2026-06-17	138	26A02965	https://www.gazzettaufficiale.it/atto/serie_generale/caricaDettaglioAtto/originario?atto.dataPubblicazioneGazzetta=2026-06-17&atto.codiceRedazionale=26A02965&elenco30giorni=false	2026-06-22T17:07:06.363243100+02:00
2026-06-17	138	26A02971	https://www.gazzettaufficiale.it/atto/serie_generale/caricaDettaglioAtto/originario?atto.dataPubblicazioneGazzetta=2026-06-17&atto.codiceRedazionale=26A02971&elenco30giorni=false	2026-06-22T17:07:06.363243100+02:00
2026-06-17	138	26A02972	https://www.gazzettaufficiale.it/atto/serie_generale/caricaDettaglioAtto/originario?atto.dataPubblicazioneGazzetta=2026-06-17&atto.codiceRedazionale=26A02972&elenco30giorni=false	2026-06-22T17:07:06.363243100+02:00
2026-06-17	138	26A02970	https://www.gazzettaufficiale.it/atto/serie_generale/caricaDettaglioAtto/originario?atto.dataPubblicazioneGazzetta=2026-06-17&atto.codiceRedazionale=26A02970&elenco30giorni=false	2026-06-22T17:07:06.363243100+02:00
2026-06-17	138	26A03068	https://www.gazzettaufficiale.it/atto/serie_generale/caricaDettaglioAtto/originario?atto.dataPubblicazioneGazzetta=2026-06-17&atto.codiceRedazionale=26A03068&elenco30giorni=false	2026-06-22T17:07:06.363243100+02:00
2026-06-17	138	26A02981	https://www.gazzettaufficiale.it/atto/serie_generale/caricaDettaglioAtto/originario?atto.dataPubblicazioneGazzetta=2026-06-17&atto.codiceRedazionale=26A02981&elenco30giorni=false	2026-06-22T17:07:06.363243100+02:00
2026-06-17	138	26A02961	https://www.gazzettaufficiale.it/atto/serie_generale/caricaDettaglioAtto/originario?atto.dataPubblicazioneGazzetta=2026-06-17&atto.codiceRedazionale=26A02961&elenco30giorni=false	2026-06-22T17:07:06.363243100+02:00
2026-06-17	138	26A02962	https://www.gazzettaufficiale.it/atto/serie_generale/caricaDettaglioAtto/originario?atto.dataPubblicazioneGazzetta=2026-06-17&atto.codiceRedazionale=26A02962&elenco30giorni=false	2026-06-22T17:07:06.363243100+02:00
2026-06-17	138	26A02963	https://www.gazzettaufficiale.it/atto/serie_generale/caricaDettaglioAtto/originario?atto.dataPubblicazioneGazzetta=2026-06-17&atto.codiceRedazionale=26A02963&elenco30giorni=false	2026-06-22T17:07:06.363243100+02:00
2026-06-17	138	26A02976	https://www.gazzettaufficiale.it/atto/serie_generale/caricaDettaglioAtto/originario?atto.dataPubblicazioneGazzetta=2026-06-17&atto.codiceRedazionale=26A02976&elenco30giorni=false	2026-06-22T17:07:06.363243100+02:00
2026-06-17	138	26A02977	https://www.gazzettaufficiale.it/atto/serie_generale/caricaDettaglioAtto/originario?atto.dataPubblicazioneGazzetta=2026-06-17&atto.codiceRedazionale=26A02977&elenco30giorni=false	2026-06-22T17:07:06.363243100+02:00
2026-06-17	138	26A02978	https://www.gazzettaufficiale.it/atto/serie_generale/caricaDettaglioAtto/originario?atto.dataPubblicazioneGazzetta=2026-06-17&atto.codiceRedazionale=26A02978&elenco30giorni=false	2026-06-22T17:07:06.363243100+02:00
2026-06-17	138	26A02984	https://www.gazzettaufficiale.it/atto/serie_generale/caricaDettaglioAtto/originario?atto.dataPubblicazioneGazzetta=2026-06-17&atto.codiceRedazionale=26A02984&elenco30giorni=false	2026-06-22T17:07:06.363243100+02:00
2026-06-17	138	26A03125	https://www.gazzettaufficiale.it/atto/serie_generale/caricaDettaglioAtto/originario?atto.dataPubblicazioneGazzetta=2026-06-17&atto.codiceRedazionale=26A03125&elenco30giorni=false	2026-06-22T17:07:06.363243100+02:00
2026-06-17	138	26A02964	https://www.gazzettaufficiale.it/atto/serie_generale/caricaDettaglioAtto/originario?atto.dataPubblicazioneGazzetta=2026-06-17&atto.codiceRedazionale=26A02964&elenco30giorni=false	2026-06-22T17:07:06.363243100+02:00
2026-06-17	138	26A02980	https://www.gazzettaufficiale.it/atto/serie_generale/caricaDettaglioAtto/originario?atto.dataPubblicazioneGazzetta=2026-06-17&atto.codiceRedazionale=26A02980&elenco30giorni=false	2026-06-22T17:07:06.363243100+02:00
2026-06-17	138	26A02975	https://www.gazzettaufficiale.it/atto/serie_generale/caricaDettaglioAtto/originario?atto.dataPubblicazioneGazzetta=2026-06-17&atto.codiceRedazionale=26A02975&elenco30giorni=false	2026-06-22T17:07:06.363243100+02:00
2026-06-17	138	26A02985	https://www.gazzettaufficiale.it/atto/serie_generale/caricaDettaglioAtto/originario?atto.dataPubblicazioneGazzetta=2026-06-17&atto.codiceRedazionale=26A02985&elenco30giorni=false	2026-06-22T17:07:06.363243100+02:00
2026-06-17	138	26A02986	https://www.gazzettaufficiale.it/atto/serie_generale/caricaDettaglioAtto/originario?atto.dataPubblicazioneGazzetta=2026-06-17&atto.codiceRedazionale=26A02986&elenco30giorni=false	2026-06-22T17:07:06.363243100+02:00
2026-06-17	138	26A02987	https://www.gazzettaufficiale.it/atto/serie_generale/caricaDettaglioAtto/originario?atto.dataPubblicazioneGazzetta=2026-06-17&atto.codiceRedazionale=26A02987&elenco30giorni=false	2026-06-22T17:07:06.363243100+02:00
2026-06-17	138	26A02969	https://www.gazzettaufficiale.it/atto/serie_generale/caricaDettaglioAtto/originario?atto.dataPubblicazioneGazzetta=2026-06-17&atto.codiceRedazionale=26A02969&elenco30giorni=false	2026-06-22T17:07:06.363243100+02:00
2026-06-17	138	26A02966	https://www.gazzettaufficiale.it/atto/serie_generale/caricaDettaglioAtto/originario?atto.dataPubblicazioneGazzetta=2026-06-17&atto.codiceRedazionale=26A02966&elenco30giorni=false	2026-06-22T17:07:06.363243100+02:00
2026-06-17	138	26A02967	https://www.gazzettaufficiale.it/atto/serie_generale/caricaDettaglioAtto/originario?atto.dataPubblicazioneGazzetta=2026-06-17&atto.codiceRedazionale=26A02967&elenco30giorni=false	2026-06-22T17:07:06.363243100+02:00
2026-06-17	138	26A02968	https://www.gazzettaufficiale.it/atto/serie_generale/caricaDettaglioAtto/originario?atto.dataPubblicazioneGazzetta=2026-06-17&atto.codiceRedazionale=26A02968&elenco30giorni=false	2026-06-22T17:07:06.363243100+02:00
2026-06-18	139	26A03018	https://www.gazzettaufficiale.it/atto/serie_generale/caricaDettaglioAtto/originario?atto.dataPubblicazioneGazzetta=2026-06-18&atto.codiceRedazionale=26A03018&elenco30giorni=false	2026-06-22T17:07:06.363243100+02:00
2026-06-18	139	26A03022	https://www.gazzettaufficiale.it/atto/serie_generale/caricaDettaglioAtto/originario?atto.dataPubblicazioneGazzetta=2026-06-18&atto.codiceRedazionale=26A03022&elenco30giorni=false	2026-06-22T17:07:06.363243100+02:00
2026-06-18	139	26A02982	https://www.gazzettaufficiale.it/atto/serie_generale/caricaDettaglioAtto/originario?atto.dataPubblicazioneGazzetta=2026-06-18&atto.codiceRedazionale=26A02982&elenco30giorni=false	2026-06-22T17:07:06.363243100+02:00
2026-06-18	139	26A03021	https://www.gazzettaufficiale.it/atto/serie_generale/caricaDettaglioAtto/originario?atto.dataPubblicazioneGazzetta=2026-06-18&atto.codiceRedazionale=26A03021&elenco30giorni=false	2026-06-22T17:07:06.363243100+02:00
2026-06-18	139	26A03031	https://www.gazzettaufficiale.it/atto/serie_generale/caricaDettaglioAtto/originario?atto.dataPubblicazioneGazzetta=2026-06-18&atto.codiceRedazionale=26A03031&elenco30giorni=false	2026-06-22T17:07:06.363243100+02:00
2026-06-18	139	26A02835	https://www.gazzettaufficiale.it/atto/serie_generale/caricaDettaglioAtto/originario?atto.dataPubblicazioneGazzetta=2026-06-18&atto.codiceRedazionale=26A02835&elenco30giorni=false	2026-06-22T17:07:06.363243100+02:00
2026-06-18	139	26A02836	https://www.gazzettaufficiale.it/atto/serie_generale/caricaDettaglioAtto/originario?atto.dataPubblicazioneGazzetta=2026-06-18&atto.codiceRedazionale=26A02836&elenco30giorni=false	2026-06-22T17:07:06.363243100+02:00
2026-06-18	139	26A02837	https://www.gazzettaufficiale.it/atto/serie_generale/caricaDettaglioAtto/originario?atto.dataPubblicazioneGazzetta=2026-06-18&atto.codiceRedazionale=26A02837&elenco30giorni=false	2026-06-22T17:07:06.363243100+02:00
2026-06-18	139	26A02973	https://www.gazzettaufficiale.it/atto/serie_generale/caricaDettaglioAtto/originario?atto.dataPubblicazioneGazzetta=2026-06-18&atto.codiceRedazionale=26A02973&elenco30giorni=false	2026-06-22T17:07:06.363243100+02:00
2026-06-18	139	26A02974	https://www.gazzettaufficiale.it/atto/serie_generale/caricaDettaglioAtto/originario?atto.dataPubblicazioneGazzetta=2026-06-18&atto.codiceRedazionale=26A02974&elenco30giorni=false	2026-06-22T17:07:06.363243100+02:00
2026-06-18	139	26A03007	https://www.gazzettaufficiale.it/atto/serie_generale/caricaDettaglioAtto/originario?atto.dataPubblicazioneGazzetta=2026-06-18&atto.codiceRedazionale=26A03007&elenco30giorni=false	2026-06-22T17:07:06.363243100+02:00
2026-06-18	139	26A03008	https://www.gazzettaufficiale.it/atto/serie_generale/caricaDettaglioAtto/originario?atto.dataPubblicazioneGazzetta=2026-06-18&atto.codiceRedazionale=26A03008&elenco30giorni=false	2026-06-22T17:07:06.363243100+02:00
2026-06-18	139	26A03000	https://www.gazzettaufficiale.it/atto/serie_generale/caricaDettaglioAtto/originario?atto.dataPubblicazioneGazzetta=2026-06-18&atto.codiceRedazionale=26A03000&elenco30giorni=false	2026-06-22T17:07:06.363243100+02:00
2026-06-18	139	26A03001	https://www.gazzettaufficiale.it/atto/serie_generale/caricaDettaglioAtto/originario?atto.dataPubblicazioneGazzetta=2026-06-18&atto.codiceRedazionale=26A03001&elenco30giorni=false	2026-06-22T17:07:06.363243100+02:00
2026-06-18	139	26A03019	https://www.gazzettaufficiale.it/atto/serie_generale/caricaDettaglioAtto/originario?atto.dataPubblicazioneGazzetta=2026-06-18&atto.codiceRedazionale=26A03019&elenco30giorni=false	2026-06-22T17:07:06.363243100+02:00
2026-06-18	139	26A03002	https://www.gazzettaufficiale.it/atto/serie_generale/caricaDettaglioAtto/originario?atto.dataPubblicazioneGazzetta=2026-06-18&atto.codiceRedazionale=26A03002&elenco30giorni=false	2026-06-22T17:07:06.363243100+02:00
2026-06-18	139	26A03003	https://www.gazzettaufficiale.it/atto/serie_generale/caricaDettaglioAtto/originario?atto.dataPubblicazioneGazzetta=2026-06-18&atto.codiceRedazionale=26A03003&elenco30giorni=false	2026-06-22T17:07:06.363243100+02:00
2026-06-18	139	26A03004	https://www.gazzettaufficiale.it/atto/serie_generale/caricaDettaglioAtto/originario?atto.dataPubblicazioneGazzetta=2026-06-18&atto.codiceRedazionale=26A03004&elenco30giorni=false	2026-06-22T17:07:06.363243100+02:00
2026-06-18	139	26A03005	https://www.gazzettaufficiale.it/atto/serie_generale/caricaDettaglioAtto/originario?atto.dataPubblicazioneGazzetta=2026-06-18&atto.codiceRedazionale=26A03005&elenco30giorni=false	2026-06-22T17:07:06.363243100+02:00
2026-06-18	139	26A03006	https://www.gazzettaufficiale.it/atto/serie_generale/caricaDettaglioAtto/originario?atto.dataPubblicazioneGazzetta=2026-06-18&atto.codiceRedazionale=26A03006&elenco30giorni=false	2026-06-22T17:07:06.363243100+02:00
2026-06-18	139	26A02989	https://www.gazzettaufficiale.it/atto/serie_generale/caricaDettaglioAtto/originario?atto.dataPubblicazioneGazzetta=2026-06-18&atto.codiceRedazionale=26A02989&elenco30giorni=false	2026-06-22T17:07:06.363243100+02:00
2026-06-18	139	26A02990	https://www.gazzettaufficiale.it/atto/serie_generale/caricaDettaglioAtto/originario?atto.dataPubblicazioneGazzetta=2026-06-18&atto.codiceRedazionale=26A02990&elenco30giorni=false	2026-06-22T17:07:06.363243100+02:00
2026-06-18	139	26A02991	https://www.gazzettaufficiale.it/atto/serie_generale/caricaDettaglioAtto/originario?atto.dataPubblicazioneGazzetta=2026-06-18&atto.codiceRedazionale=26A02991&elenco30giorni=false	2026-06-22T17:07:06.363243100+02:00
2026-06-18	139	26A03020	https://www.gazzettaufficiale.it/atto/serie_generale/caricaDettaglioAtto/originario?atto.dataPubblicazioneGazzetta=2026-06-18&atto.codiceRedazionale=26A03020&elenco30giorni=false	2026-06-22T17:07:06.363243100+02:00
2026-06-19	140	26A03023	https://www.gazzettaufficiale.it/atto/serie_generale/caricaDettaglioAtto/originario?atto.dataPubblicazioneGazzetta=2026-06-19&atto.codiceRedazionale=26A03023&elenco30giorni=false	2026-06-22T17:07:06.363243100+02:00
2026-06-19	140	26A03024	https://www.gazzettaufficiale.it/atto/serie_generale/caricaDettaglioAtto/originario?atto.dataPubblicazioneGazzetta=2026-06-19&atto.codiceRedazionale=26A03024&elenco30giorni=false	2026-06-22T17:07:06.363243100+02:00
2026-06-19	140	26A03069	https://www.gazzettaufficiale.it/atto/serie_generale/caricaDettaglioAtto/originario?atto.dataPubblicazioneGazzetta=2026-06-19&atto.codiceRedazionale=26A03069&elenco30giorni=false	2026-06-22T17:07:06.363243100+02:00
2026-06-19	140	26A03025	https://www.gazzettaufficiale.it/atto/serie_generale/caricaDettaglioAtto/originario?atto.dataPubblicazioneGazzetta=2026-06-19&atto.codiceRedazionale=26A03025&elenco30giorni=false	2026-06-22T17:07:06.363243100+02:00
2026-06-19	140	26A03026	https://www.gazzettaufficiale.it/atto/serie_generale/caricaDettaglioAtto/originario?atto.dataPubblicazioneGazzetta=2026-06-19&atto.codiceRedazionale=26A03026&elenco30giorni=false	2026-06-22T17:07:06.363243100+02:00
2026-06-19	140	26A03071	https://www.gazzettaufficiale.it/atto/serie_generale/caricaDettaglioAtto/originario?atto.dataPubblicazioneGazzetta=2026-06-19&atto.codiceRedazionale=26A03071&elenco30giorni=false	2026-06-22T17:07:06.363243100+02:00
2026-06-19	140	26A03070	https://www.gazzettaufficiale.it/atto/serie_generale/caricaDettaglioAtto/originario?atto.dataPubblicazioneGazzetta=2026-06-19&atto.codiceRedazionale=26A03070&elenco30giorni=false	2026-06-22T17:07:06.363243100+02:00
2026-06-19	140	26A02841	https://www.gazzettaufficiale.it/atto/serie_generale/caricaDettaglioAtto/originario?atto.dataPubblicazioneGazzetta=2026-06-19&atto.codiceRedazionale=26A02841&elenco30giorni=false	2026-06-22T17:07:06.363243100+02:00
2026-06-19	140	26A02842	https://www.gazzettaufficiale.it/atto/serie_generale/caricaDettaglioAtto/originario?atto.dataPubblicazioneGazzetta=2026-06-19&atto.codiceRedazionale=26A02842&elenco30giorni=false	2026-06-22T17:07:06.363243100+02:00
2026-06-19	140	26A02843	https://www.gazzettaufficiale.it/atto/serie_generale/caricaDettaglioAtto/originario?atto.dataPubblicazioneGazzetta=2026-06-19&atto.codiceRedazionale=26A02843&elenco30giorni=false	2026-06-22T17:07:06.363243100+02:00
2026-06-19	140	26A02844	https://www.gazzettaufficiale.it/atto/serie_generale/caricaDettaglioAtto/originario?atto.dataPubblicazioneGazzetta=2026-06-19&atto.codiceRedazionale=26A02844&elenco30giorni=false	2026-06-22T17:07:06.363243100+02:00
2026-06-19	140	26A02845	https://www.gazzettaufficiale.it/atto/serie_generale/caricaDettaglioAtto/originario?atto.dataPubblicazioneGazzetta=2026-06-19&atto.codiceRedazionale=26A02845&elenco30giorni=false	2026-06-22T17:07:06.363243100+02:00
2026-06-19	140	26A02846	https://www.gazzettaufficiale.it/atto/serie_generale/caricaDettaglioAtto/originario?atto.dataPubblicazioneGazzetta=2026-06-19&atto.codiceRedazionale=26A02846&elenco30giorni=false	2026-06-22T17:07:06.363243100+02:00
2026-06-19	140	26A02838	https://www.gazzettaufficiale.it/atto/serie_generale/caricaDettaglioAtto/originario?atto.dataPubblicazioneGazzetta=2026-06-19&atto.codiceRedazionale=26A02838&elenco30giorni=false	2026-06-22T17:07:06.363243100+02:00
2026-06-19	140	26A02839	https://www.gazzettaufficiale.it/atto/serie_generale/caricaDettaglioAtto/originario?atto.dataPubblicazioneGazzetta=2026-06-19&atto.codiceRedazionale=26A02839&elenco30giorni=false	2026-06-22T17:07:06.363243100+02:00
2026-06-19	140	26A02840	https://www.gazzettaufficiale.it/atto/serie_generale/caricaDettaglioAtto/originario?atto.dataPubblicazioneGazzetta=2026-06-19&atto.codiceRedazionale=26A02840&elenco30giorni=false	2026-06-22T17:07:06.363243100+02:00
2026-06-19	140	26A03038	https://www.gazzettaufficiale.it/atto/serie_generale/caricaDettaglioAtto/originario?atto.dataPubblicazioneGazzetta=2026-06-19&atto.codiceRedazionale=26A03038&elenco30giorni=false	2026-06-22T17:07:06.363243100+02:00
2026-06-19	140	26A03039	https://www.gazzettaufficiale.it/atto/serie_generale/caricaDettaglioAtto/originario?atto.dataPubblicazioneGazzetta=2026-06-19&atto.codiceRedazionale=26A03039&elenco30giorni=false	2026-06-22T17:07:06.363243100+02:00
2026-06-19	140	26A03040	https://www.gazzettaufficiale.it/atto/serie_generale/caricaDettaglioAtto/originario?atto.dataPubblicazioneGazzetta=2026-06-19&atto.codiceRedazionale=26A03040&elenco30giorni=false	2026-06-22T17:07:06.363243100+02:00
2026-06-19	140	26A03045	https://www.gazzettaufficiale.it/atto/serie_generale/caricaDettaglioAtto/originario?atto.dataPubblicazioneGazzetta=2026-06-19&atto.codiceRedazionale=26A03045&elenco30giorni=false	2026-06-22T17:07:06.363243100+02:00
2026-06-19	140	26A03044	https://www.gazzettaufficiale.it/atto/serie_generale/caricaDettaglioAtto/originario?atto.dataPubblicazioneGazzetta=2026-06-19&atto.codiceRedazionale=26A03044&elenco30giorni=false	2026-06-22T17:07:06.363243100+02:00
2026-06-19	140	26A02992	https://www.gazzettaufficiale.it/atto/serie_generale/caricaDettaglioAtto/originario?atto.dataPubblicazioneGazzetta=2026-06-19&atto.codiceRedazionale=26A02992&elenco30giorni=false	2026-06-22T17:07:06.363243100+02:00
2026-06-19	140	26A02993	https://www.gazzettaufficiale.it/atto/serie_generale/caricaDettaglioAtto/originario?atto.dataPubblicazioneGazzetta=2026-06-19&atto.codiceRedazionale=26A02993&elenco30giorni=false	2026-06-22T17:07:06.363243100+02:00
2026-06-19	140	26A03043	https://www.gazzettaufficiale.it/atto/serie_generale/caricaDettaglioAtto/originario?atto.dataPubblicazioneGazzetta=2026-06-19&atto.codiceRedazionale=26A03043&elenco30giorni=false	2026-06-22T17:07:06.363243100+02:00
2026-06-19	140	26A03041	https://www.gazzettaufficiale.it/atto/serie_generale/caricaDettaglioAtto/originario?atto.dataPubblicazioneGazzetta=2026-06-19&atto.codiceRedazionale=26A03041&elenco30giorni=false	2026-06-22T17:07:06.363243100+02:00
2026-06-19	140	26A03042	https://www.gazzettaufficiale.it/atto/serie_generale/caricaDettaglioAtto/originario?atto.dataPubblicazioneGazzetta=2026-06-19&atto.codiceRedazionale=26A03042&elenco30giorni=false	2026-06-22T17:07:06.363243100+02:00
2026-06-20	141	26G00123	https://www.gazzettaufficiale.it/atto/serie_generale/caricaDettaglioAtto/originario?atto.dataPubblicazioneGazzetta=2026-06-20&atto.codiceRedazionale=26G00123&elenco30giorni=false	2026-06-22T17:07:06.363243100+02:00
2026-06-20	141	26A03072	https://www.gazzettaufficiale.it/atto/serie_generale/caricaDettaglioAtto/originario?atto.dataPubblicazioneGazzetta=2026-06-20&atto.codiceRedazionale=26A03072&elenco30giorni=false	2026-06-22T17:07:06.363243100+02:00
2026-06-20	141	26A03027	https://www.gazzettaufficiale.it/atto/serie_generale/caricaDettaglioAtto/originario?atto.dataPubblicazioneGazzetta=2026-06-20&atto.codiceRedazionale=26A03027&elenco30giorni=false	2026-06-22T17:07:06.363243100+02:00
2026-06-20	141	26A03117	https://www.gazzettaufficiale.it/atto/serie_generale/caricaDettaglioAtto/originario?atto.dataPubblicazioneGazzetta=2026-06-20&atto.codiceRedazionale=26A03117&elenco30giorni=false	2026-06-22T17:07:06.363243100+02:00
2026-06-20	141	26A02847	https://www.gazzettaufficiale.it/atto/serie_generale/caricaDettaglioAtto/originario?atto.dataPubblicazioneGazzetta=2026-06-20&atto.codiceRedazionale=26A02847&elenco30giorni=false	2026-06-22T17:07:06.363243100+02:00
2026-06-20	141	26A03028	https://www.gazzettaufficiale.it/atto/serie_generale/caricaDettaglioAtto/originario?atto.dataPubblicazioneGazzetta=2026-06-20&atto.codiceRedazionale=26A03028&elenco30giorni=false	2026-06-22T17:07:06.363243100+02:00
2026-06-20	141	26A03029	https://www.gazzettaufficiale.it/atto/serie_generale/caricaDettaglioAtto/originario?atto.dataPubblicazioneGazzetta=2026-06-20&atto.codiceRedazionale=26A03029&elenco30giorni=false	2026-06-22T17:07:06.363243100+02:00
2026-06-20	141	26A03182	https://www.gazzettaufficiale.it/atto/serie_generale/caricaDettaglioAtto/originario?atto.dataPubblicazioneGazzetta=2026-06-20&atto.codiceRedazionale=26A03182&elenco30giorni=false	2026-06-22T17:07:06.363243100+02:00
2026-06-20	141	26A03032	https://www.gazzettaufficiale.it/atto/serie_generale/caricaDettaglioAtto/originario?atto.dataPubblicazioneGazzetta=2026-06-20&atto.codiceRedazionale=26A03032&elenco30giorni=false	2026-06-22T17:07:06.363243100+02:00
2026-06-20	141	26A03033	https://www.gazzettaufficiale.it/atto/serie_generale/caricaDettaglioAtto/originario?atto.dataPubblicazioneGazzetta=2026-06-20&atto.codiceRedazionale=26A03033&elenco30giorni=false	2026-06-22T17:07:06.363243100+02:00
2026-06-20	141	26A03034	https://www.gazzettaufficiale.it/atto/serie_generale/caricaDettaglioAtto/originario?atto.dataPubblicazioneGazzetta=2026-06-20&atto.codiceRedazionale=26A03034&elenco30giorni=false	2026-06-22T17:07:06.363243100+02:00
2026-06-20	141	26A03035	https://www.gazzettaufficiale.it/atto/serie_generale/caricaDettaglioAtto/originario?atto.dataPubblicazioneGazzetta=2026-06-20&atto.codiceRedazionale=26A03035&elenco30giorni=false	2026-06-22T17:07:06.363243100+02:00
2026-06-20	141	26A03114	https://www.gazzettaufficiale.it/atto/serie_generale/caricaDettaglioAtto/originario?atto.dataPubblicazioneGazzetta=2026-06-20&atto.codiceRedazionale=26A03114&elenco30giorni=false	2026-06-22T17:07:06.363243100+02:00
2026-06-20	141	26A03074	https://www.gazzettaufficiale.it/atto/serie_generale/caricaDettaglioAtto/originario?atto.dataPubblicazioneGazzetta=2026-06-20&atto.codiceRedazionale=26A03074&elenco30giorni=false	2026-06-22T17:07:06.363243100+02:00
2026-06-20	141	26A03073	https://www.gazzettaufficiale.it/atto/serie_generale/caricaDettaglioAtto/originario?atto.dataPubblicazioneGazzetta=2026-06-20&atto.codiceRedazionale=26A03073&elenco30giorni=false	2026-06-22T17:07:06.363243100+02:00
2026-06-20	141	26A03188	https://www.gazzettaufficiale.it/atto/serie_generale/caricaDettaglioAtto/originario?atto.dataPubblicazioneGazzetta=2026-06-20&atto.codiceRedazionale=26A03188&elenco30giorni=false	2026-06-22T17:07:06.363243100+02:00
2026-06-20	141	26A02994	https://www.gazzettaufficiale.it/atto/serie_generale/caricaDettaglioAtto/originario?atto.dataPubblicazioneGazzetta=2026-06-20&atto.codiceRedazionale=26A02994&elenco30giorni=false	2026-06-22T17:07:06.363243100+02:00
2026-06-20	141	26A03036	https://www.gazzettaufficiale.it/atto/serie_generale/caricaDettaglioAtto/originario?atto.dataPubblicazioneGazzetta=2026-06-20&atto.codiceRedazionale=26A03036&elenco30giorni=false	2026-06-22T17:07:06.363243100+02:00
2026-06-20	141	26A03037	https://www.gazzettaufficiale.it/atto/serie_generale/caricaDettaglioAtto/originario?atto.dataPubblicazioneGazzetta=2026-06-20&atto.codiceRedazionale=26A03037&elenco30giorni=false	2026-06-22T17:07:06.363243100+02:00
