title	link	published	description	fetchDate
LEGGE 19 giugno 2026, n.103	http://www.gazzettaufficiale.it/eli/id/2026/06/20/26G00123/SG	Sat, 20 Jun 2026 10:01:45 GMT		2026-06-22T17:05:07.991781+02:00
DECRETO DEL PRESIDENTE DELLA REPUBBLICA 7 maggio 2026	http://www.gazzettaufficiale.it/eli/id/2026/06/20/26A03072/SG	Sat, 20 Jun 2026 10:01:42 GMT		2026-06-22T17:05:07.991781+02:00
MINISTERO DELL'AGRICOLTURA, DELLA SOVRANITA' ALIMENTARE E DELLE FORESTE - DECRETO 25 maggio 2026	http://www.gazzettaufficiale.it/eli/id/2026/06/20/26A03027/SG	Sat, 20 Jun 2026 10:01:40 GMT		2026-06-22T17:05:07.991781+02:00
MINISTERO DELL'ECONOMIA E DELLE FINANZE - DECRETO 18 maggio 2026	http://www.gazzettaufficiale.it/eli/id/2026/06/20/26A03117/SG	Sat, 20 Jun 2026 10:01:43 GMT		2026-06-22T17:05:07.991781+02:00
MINISTERO DELLE IMPRESE E DEL MADE IN ITALY - DECRETO 26 maggio 2026	http://www.gazzettaufficiale.it/eli/id/2026/06/20/26A02847/SG	Sat, 20 Jun 2026 10:01:39 GMT		2026-06-22T17:05:07.991781+02:00
MINISTERO DELLE IMPRESE E DEL MADE IN ITALY - DECRETO 8 giugno 2026	http://www.gazzettaufficiale.it/eli/id/2026/06/20/26A03028/SG	Sat, 20 Jun 2026 10:01:40 GMT		2026-06-22T17:05:07.991781+02:00
MINISTERO DELLE IMPRESE E DEL MADE IN ITALY - DECRETO 8 giugno 2026	http://www.gazzettaufficiale.it/eli/id/2026/06/20/26A03029/SG	Sat, 20 Jun 2026 10:01:40 GMT		2026-06-22T17:05:07.991781+02:00
DECRETO-LEGGE 24 aprile 2026, n.55	http://www.gazzettaufficiale.it/eli/id/2026/06/20/26A03182/SG	Sat, 20 Jun 2026 10:01:44 GMT		2026-06-22T17:05:07.991781+02:00
AGENZIA ITALIANA DEL FARMACO - COMUNICATO	http://www.gazzettaufficiale.it/eli/id/2026/06/20/26A03032/SG	Sat, 20 Jun 2026 10:01:41 GMT		2026-06-22T17:05:07.991781+02:00
AGENZIA ITALIANA DEL FARMACO - COMUNICATO	http://www.gazzettaufficiale.it/eli/id/2026/06/20/26A03033/SG	Sat, 20 Jun 2026 10:01:41 GMT		2026-06-22T17:05:07.991781+02:00
AGENZIA ITALIANA DEL FARMACO - COMUNICATO	http://www.gazzettaufficiale.it/eli/id/2026/06/20/26A03034/SG	Sat, 20 Jun 2026 10:01:41 GMT		2026-06-22T17:05:07.991781+02:00
AGENZIA ITALIANA DEL FARMACO - COMUNICATO	http://www.gazzettaufficiale.it/eli/id/2026/06/20/26A03035/SG	Sat, 20 Jun 2026 10:01:41 GMT		2026-06-22T17:05:07.991781+02:00
AGENZIA ITALIANA DEL FARMACO - COMUNICATO	http://www.gazzettaufficiale.it/eli/id/2026/06/20/26A03114/SG	Sat, 20 Jun 2026 10:01:43 GMT		2026-06-22T17:05:07.991781+02:00
AUTORITA' NAZIONALE ANTICORRUZIONE - COMUNICATO	http://www.gazzettaufficiale.it/eli/id/2026/06/20/26A03074/SG	Sat, 20 Jun 2026 10:01:43 GMT		2026-06-22T17:05:07.991781+02:00
BANCA D'ITALIA - COMUNICATO	http://www.gazzettaufficiale.it/eli/id/2026/06/20/26A03073/SG	Sat, 20 Jun 2026 10:01:42 GMT		2026-06-22T17:05:07.991781+02:00
CASSA DEPOSITI E PRESTITI S.P.A. - COMUNICATO	http://www.gazzettaufficiale.it/eli/id/2026/06/20/26A03188/SG	Sat, 20 Jun 2026 10:01:44 GMT		2026-06-22T17:05:07.991781+02:00
MINISTERO DELL'INTERNO - COMUNICATO	http://www.gazzettaufficiale.it/eli/id/2026/06/20/26A02994/SG	Sat, 20 Jun 2026 10:01:39 GMT		2026-06-22T17:05:07.991781+02:00
PROVINCIA AUTONOMA DI BOLZANO ALTO ADIGE - COMUNICATO	http://www.gazzettaufficiale.it/eli/id/2026/06/20/26A03036/SG	Sat, 20 Jun 2026 10:01:42 GMT		2026-06-22T17:05:07.991781+02:00
PROVINCIA AUTONOMA DI BOLZANO ALTO ADIGE - COMUNICATO	http://www.gazzettaufficiale.it/eli/id/2026/06/20/26A03037/SG	Sat, 20 Jun 2026 10:01:42 GMT		2026-06-22T17:05:07.991781+02:00
LEGGE 12 giugno 2026, n.111	http://www.gazzettaufficiale.it/eli/id/2026/06/27/26G00127/SG	Sat, 27 Jun 2026 10:03:44 GMT		2026-06-29T10:07:50.426400900+02:00
LEGGE 25 giugno 2026, n.112	http://www.gazzettaufficiale.it/eli/id/2026/06/27/26G00128/SG	Sat, 27 Jun 2026 10:03:44 GMT		2026-06-29T10:07:50.426400900+02:00
LEGGE 25 giugno 2026, n.113	http://www.gazzettaufficiale.it/eli/id/2026/06/27/26G00129/SG	Sat, 27 Jun 2026 10:03:44 GMT		2026-06-29T10:07:50.426400900+02:00
MINISTERO DELL'ECONOMIA E DELLE FINANZE - DECRETO 19 giugno 2026	http://www.gazzettaufficiale.it/eli/id/2026/06/27/26A03226/SG	Sat, 27 Jun 2026 10:03:41 GMT		2026-06-29T10:07:50.426400900+02:00
MINISTERO DELL'INTERNO - DECRETO 18 maggio 2026	http://www.gazzettaufficiale.it/eli/id/2026/06/27/26A03227/SG	Sat, 27 Jun 2026 10:03:41 GMT		2026-06-29T10:07:50.426400900+02:00
MINISTERO DELLE IMPRESE E DEL MADE IN ITALY - DECRETO 29 maggio 2026	http://www.gazzettaufficiale.it/eli/id/2026/06/27/26A02941/SG	Sat, 27 Jun 2026 10:03:37 GMT		2026-06-29T10:07:50.426400900+02:00
MINISTERO DELLE IMPRESE E DEL MADE IN ITALY - DECRETO 29 maggio 2026	http://www.gazzettaufficiale.it/eli/id/2026/06/27/26A02942/SG	Sat, 27 Jun 2026 10:03:38 GMT		2026-06-29T10:07:50.426400900+02:00
MINISTERO DELLE IMPRESE E DEL MADE IN ITALY - DECRETO 29 maggio 2026	http://www.gazzettaufficiale.it/eli/id/2026/06/27/26A02943/SG	Sat, 27 Jun 2026 10:03:38 GMT		2026-06-29T10:07:50.426400900+02:00
MINISTERO DELLE IMPRESE E DEL MADE IN ITALY - DECRETO 8 giugno 2026	http://www.gazzettaufficiale.it/eli/id/2026/06/27/26A03063/SG	Sat, 27 Jun 2026 10:03:38 GMT		2026-06-29T10:07:50.426400900+02:00
MINISTERO DELLE IMPRESE E DEL MADE IN ITALY - DECRETO 8 giugno 2026	http://www.gazzettaufficiale.it/eli/id/2026/06/27/26A03064/SG	Sat, 27 Jun 2026 10:03:39 GMT		2026-06-29T10:07:50.426400900+02:00
MINISTERO DELLE IMPRESE E DEL MADE IN ITALY - DECRETO 8 giugno 2026	http://www.gazzettaufficiale.it/eli/id/2026/06/27/26A03065/SG	Sat, 27 Jun 2026 10:03:39 GMT		2026-06-29T10:07:50.426400900+02:00
MINISTERO DELLE IMPRESE E DEL MADE IN ITALY - DECRETO 8 giugno 2026	http://www.gazzettaufficiale.it/eli/id/2026/06/27/26A03066/SG	Sat, 27 Jun 2026 10:03:39 GMT		2026-06-29T10:07:50.426400900+02:00
AGENZIA ITALIANA DEL FARMACO - DETERMINA 16 giugno 2026	http://www.gazzettaufficiale.it/eli/id/2026/06/27/26A03217/SG	Sat, 27 Jun 2026 10:03:40 GMT		2026-06-29T10:07:50.426400900+02:00
AUTORITA'  PER LE GARANZIE NELLE COMUNICAZIONI - DELIBERA 11 marzo 2026	http://www.gazzettaufficiale.it/eli/id/2026/06/27/26A03215/SG	Sat, 27 Jun 2026 10:03:40 GMT		2026-06-29T10:07:50.426400900+02:00
TESTO COORDINATO DEL DECRETO-LEGGE 30 aprile 2026, n.62	http://www.gazzettaufficiale.it/eli/id/2026/06/27/26A03291/SG	Sat, 27 Jun 2026 10:03:42 GMT		2026-06-29T10:07:50.426400900+02:00
TESTO COORDINATO DEL DECRETO-LEGGE 30 aprile 2026, n.63	http://www.gazzettaufficiale.it/eli/id/2026/06/27/26A03280/SG	Sat, 27 Jun 2026 10:03:41 GMT		2026-06-29T10:07:50.426400900+02:00
AGENZIA ITALIANA DEL FARMACO - COMUNICATO	http://www.gazzettaufficiale.it/eli/id/2026/06/27/26A03212/SG	Sat, 27 Jun 2026 10:03:39 GMT		2026-06-29T10:07:50.426400900+02:00
AGENZIA ITALIANA DEL FARMACO - COMUNICATO	http://www.gazzettaufficiale.it/eli/id/2026/06/27/26A03216/SG	Sat, 27 Jun 2026 10:03:40 GMT		2026-06-29T10:07:50.426400900+02:00
AGENZIA ITALIANA DEL FARMACO - COMUNICATO	http://www.gazzettaufficiale.it/eli/id/2026/06/27/26A03218/SG	Sat, 27 Jun 2026 10:03:40 GMT		2026-06-29T10:07:50.426400900+02:00
AGENZIA ITALIANA DEL FARMACO - COMUNICATO	http://www.gazzettaufficiale.it/eli/id/2026/06/27/26A03219/SG	Sat, 27 Jun 2026 10:03:40 GMT		2026-06-29T10:07:50.426400900+02:00
MINISTERO DELLE INFRASTRUTTURE E DEI TRASPORTI - COMUNICATO	http://www.gazzettaufficiale.it/eli/id/2026/06/27/26A03228/SG	Sat, 27 Jun 2026 10:03:41 GMT		2026-06-29T10:07:50.426400900+02:00
DECRETO LEGISLATIVO 10 giugno 2026, n.122	http://www.gazzettaufficiale.it/eli/id/2026/07/08/26G00140/SG	Wed, 08 Jul 2026 16:39:40 GMT		2026-07-09T10:05:36.023197600+02:00
MINISTERO DELL'AGRICOLTURA, DELLA SOVRANITA' ALIMENTARE E DELLE FORESTE - DECRETO 18 giugno 2026	http://www.gazzettaufficiale.it/eli/id/2026/07/08/26A03273/SG	Wed, 08 Jul 2026 16:39:33 GMT		2026-07-09T10:05:36.023197600+02:00
MINISTERO DELLA SALUTE - COMMISSARIO STRAORDINARIO ALLA PESTE SUINA AFRICANA - ORDINANZA 6 luglio 2026	http://www.gazzettaufficiale.it/eli/id/2026/07/08/26A03443/SG	Wed, 08 Jul 2026 16:39:38 GMT		2026-07-09T10:05:36.023197600+02:00
MINISTERO DELLA SALUTE - COMMISSARIO STRAORDINARIO ALLA PESTE SUINA AFRICANA - ORDINANZA 6 luglio 2026	http://www.gazzettaufficiale.it/eli/id/2026/07/08/26A03466/SG	Wed, 08 Jul 2026 16:39:39 GMT		2026-07-09T10:05:36.023197600+02:00
MINISTERO DEL LAVORO E DELLE POLITICHE SOCIALI - DECRETO 22 giugno 2026	http://www.gazzettaufficiale.it/eli/id/2026/07/08/26A03348/SG	Wed, 08 Jul 2026 16:39:35 GMT		2026-07-09T10:05:36.023197600+02:00
MINISTERO DELLE IMPRESE E DEL MADE IN ITALY - DECRETO 22 giugno 2026	http://www.gazzettaufficiale.it/eli/id/2026/07/08/26A03272/SG	Wed, 08 Jul 2026 16:39:33 GMT		2026-07-09T10:05:36.023197600+02:00
MINISTERO DELLE IMPRESE E DEL MADE IN ITALY - DECRETO 22 giugno 2026	http://www.gazzettaufficiale.it/eli/id/2026/07/08/26A03343/SG	Wed, 08 Jul 2026 16:39:34 GMT		2026-07-09T10:05:36.023197600+02:00
MINISTERO DELLE IMPRESE E DEL MADE IN ITALY - DECRETO 22 giugno 2026	http://www.gazzettaufficiale.it/eli/id/2026/07/08/26A03344/SG	Wed, 08 Jul 2026 16:39:34 GMT		2026-07-09T10:05:36.023197600+02:00
MINISTERO DELLE IMPRESE E DEL MADE IN ITALY - DECRETO 22 giugno 2026	http://www.gazzettaufficiale.it/eli/id/2026/07/08/26A03345/SG	Wed, 08 Jul 2026 16:39:35 GMT		2026-07-09T10:05:36.023197600+02:00
MINISTERO DELLE IMPRESE E DEL MADE IN ITALY - DECRETO 22 giugno 2026	http://www.gazzettaufficiale.it/eli/id/2026/07/08/26A03346/SG	Wed, 08 Jul 2026 16:39:35 GMT		2026-07-09T10:05:36.023197600+02:00
MINISTERO DELLE INFRASTRUTTURE E DEI TRASPORTI - DECRETO 6 maggio 2026	http://www.gazzettaufficiale.it/eli/id/2026/07/08/26A03347/SG	Wed, 08 Jul 2026 16:39:35 GMT		2026-07-09T10:05:36.023197600+02:00
REGIONE AUTONOMA DELLA SARDEGNA - DECRETO 27 giugno 2026	http://www.gazzettaufficiale.it/eli/id/2026/07/08/26A03349/SG	Wed, 08 Jul 2026 16:39:36 GMT		2026-07-09T10:05:36.023197600+02:00
AGENZIA ITALIANA DEL FARMACO - COMUNICATO	http://www.gazzettaufficiale.it/eli/id/2026/07/08/26A03350/SG	Wed, 08 Jul 2026 16:39:36 GMT		2026-07-09T10:05:36.023197600+02:00
AGENZIA ITALIANA DEL FARMACO - COMUNICATO	http://www.gazzettaufficiale.it/eli/id/2026/07/08/26A03351/SG	Wed, 08 Jul 2026 16:39:36 GMT		2026-07-09T10:05:36.023197600+02:00
AGENZIA ITALIANA DEL FARMACO - COMUNICATO	http://www.gazzettaufficiale.it/eli/id/2026/07/08/26A03352/SG	Wed, 08 Jul 2026 16:39:36 GMT		2026-07-09T10:05:36.023197600+02:00
AGENZIA ITALIANA DEL FARMACO - COMUNICATO	http://www.gazzettaufficiale.it/eli/id/2026/07/08/26A03353/SG	Wed, 08 Jul 2026 16:39:37 GMT		2026-07-09T10:05:36.023197600+02:00
AGENZIA ITALIANA DEL FARMACO - COMUNICATO	http://www.gazzettaufficiale.it/eli/id/2026/07/08/26A03354/SG	Wed, 08 Jul 2026 16:39:37 GMT		2026-07-09T10:05:36.023197600+02:00
AGENZIA ITALIANA DEL FARMACO - COMUNICATO	http://www.gazzettaufficiale.it/eli/id/2026/07/08/26A03355/SG	Wed, 08 Jul 2026 16:39:37 GMT		2026-07-09T10:05:36.023197600+02:00
AGENZIA ITALIANA DEL FARMACO - COMUNICATO	http://www.gazzettaufficiale.it/eli/id/2026/07/08/26A03356/SG	Wed, 08 Jul 2026 16:39:37 GMT		2026-07-09T10:05:36.023197600+02:00
AGENZIA ITALIANA DEL FARMACO - COMUNICATO	http://www.gazzettaufficiale.it/eli/id/2026/07/08/26A03357/SG	Wed, 08 Jul 2026 16:39:37 GMT		2026-07-09T10:05:36.023197600+02:00
AGENZIA ITALIANA DEL FARMACO - COMUNICATO	http://www.gazzettaufficiale.it/eli/id/2026/07/08/26A03456/SG	Wed, 08 Jul 2026 16:39:39 GMT		2026-07-09T10:05:36.023197600+02:00
CAMERA DI COMMERCIO, INDUSTRIA, ARTIGIANATO E AGRICOLTURA DI VITERBO - COMUNICATO	http://www.gazzettaufficiale.it/eli/id/2026/07/08/26A03359/SG	Wed, 08 Jul 2026 16:39:38 GMT		2026-07-09T10:05:36.023197600+02:00
MINISTERO DELL'AMBIENTE E DELLA SICUREZZA ENERGETICA - COMUNICATO	http://www.gazzettaufficiale.it/eli/id/2026/07/08/26A03282/SG	Wed, 08 Jul 2026 16:39:34 GMT		2026-07-09T10:05:36.023197600+02:00
MINISTERO DELL'AMBIENTE E DELLA SICUREZZA ENERGETICA - COMUNICATO	http://www.gazzettaufficiale.it/eli/id/2026/07/08/26A03358/SG	Wed, 08 Jul 2026 16:39:38 GMT		2026-07-09T10:05:36.023197600+02:00
MINISTERO DELLA DIFESA - COMUNICATO	http://www.gazzettaufficiale.it/eli/id/2026/07/08/26A03274/SG	Wed, 08 Jul 2026 16:39:34 GMT		2026-07-09T10:05:36.023197600+02:00
MINISTERO DELLA DIFESA - COMUNICATO	http://www.gazzettaufficiale.it/eli/id/2026/07/08/26A03283/SG	Wed, 08 Jul 2026 16:39:34 GMT		2026-07-09T10:05:36.023197600+02:00
DECRETO LEGISLATIVO 18 giugno 2026, n.123	http://www.gazzettaufficiale.it/eli/id/2026/07/09/26G00141/SG	Thu, 09 Jul 2026 16:58:13 GMT		2026-07-10T12:30:29.654857+02:00
MINISTERO DELL'AGRICOLTURA, DELLA SOVRANITA' ALIMENTARE E DELLE FORESTE - DECRETO 3 giugno 2026	http://www.gazzettaufficiale.it/eli/id/2026/07/09/26A03404/SG	Thu, 09 Jul 2026 16:58:11 GMT		2026-07-10T12:30:29.654857+02:00
MINISTERO DELL'AGRICOLTURA, DELLA SOVRANITA' ALIMENTARE E DELLE FORESTE - DECRETO 30 giugno 2026	http://www.gazzettaufficiale.it/eli/id/2026/07/09/26A03368/SG	Thu, 09 Jul 2026 16:58:10 GMT		2026-07-10T12:30:29.654857+02:00
MINISTERO DELLE IMPRESE E DEL MADE IN ITALY - DECRETO 2 giugno 2026	http://www.gazzettaufficiale.it/eli/id/2026/07/09/26A03365/SG	Thu, 09 Jul 2026 16:58:09 GMT		2026-07-10T12:30:29.654857+02:00
MINISTERO DELLE IMPRESE E DEL MADE IN ITALY - DECRETO 22 giugno 2026	http://www.gazzettaufficiale.it/eli/id/2026/07/09/26A03314/SG	Thu, 09 Jul 2026 16:58:08 GMT		2026-07-10T12:30:29.654857+02:00
MINISTERO DELLE IMPRESE E DEL MADE IN ITALY - DECRETO 22 giugno 2026	http://www.gazzettaufficiale.it/eli/id/2026/07/09/26A03360/SG	Thu, 09 Jul 2026 16:58:08 GMT		2026-07-10T12:30:29.654857+02:00
MINISTERO DELLE IMPRESE E DEL MADE IN ITALY - DECRETO 22 giugno 2026	http://www.gazzettaufficiale.it/eli/id/2026/07/09/26A03361/SG	Thu, 09 Jul 2026 16:58:08 GMT		2026-07-10T12:30:29.654857+02:00
MINISTERO DELLE IMPRESE E DEL MADE IN ITALY - DECRETO 22 giugno 2026	http://www.gazzettaufficiale.it/eli/id/2026/07/09/26A03362/SG	Thu, 09 Jul 2026 16:58:08 GMT		2026-07-10T12:30:29.654857+02:00
MINISTERO DELLE IMPRESE E DEL MADE IN ITALY - DECRETO 22 giugno 2026	http://www.gazzettaufficiale.it/eli/id/2026/07/09/26A03363/SG	Thu, 09 Jul 2026 16:58:09 GMT		2026-07-10T12:30:29.654857+02:00
MINISTERO DELLE IMPRESE E DEL MADE IN ITALY - DECRETO 22 giugno 2026	http://www.gazzettaufficiale.it/eli/id/2026/07/09/26A03364/SG	Thu, 09 Jul 2026 16:58:09 GMT		2026-07-10T12:30:29.654857+02:00
MINISTERO DELLE IMPRESE E DEL MADE IN ITALY - DECRETO 22 giugno 2026	http://www.gazzettaufficiale.it/eli/id/2026/07/09/26A03366/SG	Thu, 09 Jul 2026 16:58:09 GMT		2026-07-10T12:30:29.654857+02:00
MINISTERO DELLE IMPRESE E DEL MADE IN ITALY - DECRETO 22 giugno 2026	http://www.gazzettaufficiale.it/eli/id/2026/07/09/26A03367/SG	Thu, 09 Jul 2026 16:58:10 GMT		2026-07-10T12:30:29.654857+02:00
MINISTERO DELLE IMPRESE E DEL MADE IN ITALY - DECRETO 24 giugno 2026	http://www.gazzettaufficiale.it/eli/id/2026/07/09/26A03403/SG	Thu, 09 Jul 2026 16:58:11 GMT		2026-07-10T12:30:29.654857+02:00
PRESIDENZA DEL CONSIGLIO DEI MINISTRI DIPARTIMENTO DELLA PROTEZIONE CIVILE - ORDINANZA 4 luglio 2026	http://www.gazzettaufficiale.it/eli/id/2026/07/09/26A03459/SG	Thu, 09 Jul 2026 16:58:13 GMT		2026-07-10T12:30:29.654857+02:00
PRESIDENZA DEL CONSIGLIO DEI MINISTRI DIPARTIMENTO PER LE PARI OPPORTUNITA' - DECRETO 11 giugno 2026	http://www.gazzettaufficiale.it/eli/id/2026/07/09/26A03400/SG	Thu, 09 Jul 2026 16:58:10 GMT		2026-07-10T12:30:29.654857+02:00
AGENZIA ITALIANA DEL FARMACO - DETERMINA 6 luglio 2026	http://www.gazzettaufficiale.it/eli/id/2026/07/09/26A03467/SG	Thu, 09 Jul 2026 16:58:13 GMT		2026-07-10T12:30:29.654857+02:00
AGENZIA ITALIANA DEL FARMACO - COMUNICATO	http://www.gazzettaufficiale.it/eli/id/2026/07/09/26A03275/SG	Thu, 09 Jul 2026 16:58:07 GMT		2026-07-10T12:30:29.654857+02:00
COMITATO AGEVOLAZIONI PER L'AMMINISTRAZIONE DEL FONDO 295/73 E DEL FONDO 394/81 - COMUNICATO	http://www.gazzettaufficiale.it/eli/id/2026/07/09/26A03370/SG	Thu, 09 Jul 2026 16:58:10 GMT		2026-07-10T12:30:29.654857+02:00
MINISTERO DELLE IMPRESE E DEL MADE IN ITALY - COMUNICATO	http://www.gazzettaufficiale.it/eli/id/2026/07/09/26A03415/SG	Thu, 09 Jul 2026 16:58:13 GMT		2026-07-10T12:30:29.654857+02:00
PRESIDENZA DEL CONSIGLIO DEI MINISTRI - COMMISSARIO STRAORDINARIO ALLA RICOSTRUZIONE NEI TERRITORI DEI COMUNI DI CHIETI E DI BUCCHIANICO - COMUNICATO	http://www.gazzettaufficiale.it/eli/id/2026/07/09/26A03369/SG	Thu, 09 Jul 2026 16:58:10 GMT		2026-07-10T12:30:29.654857+02:00
MINISTERO DELLE IMPRESE E DEL MADE IN ITALY - DECRETO 3 luglio 2026	http://www.gazzettaufficiale.it/eli/id/2026/07/18/26A03540/SG	Sat, 18 Jul 2026 10:01:01 GMT		2026-07-18T14:52:56.112342900+02:00
MINISTERO DELLE IMPRESE E DEL MADE IN ITALY - DECRETO 3 luglio 2026	http://www.gazzettaufficiale.it/eli/id/2026/07/18/26A03541/SG	Sat, 18 Jul 2026 10:01:01 GMT		2026-07-18T14:52:56.112342900+02:00
MINISTERO DELLE IMPRESE E DEL MADE IN ITALY - DECRETO 7 luglio 2026	http://www.gazzettaufficiale.it/eli/id/2026/07/18/26A03564/SG	Sat, 18 Jul 2026 10:01:04 GMT		2026-07-18T14:52:56.112342900+02:00
MINISTERO DELLE IMPRESE E DEL MADE IN ITALY - DECRETO 7 luglio 2026	http://www.gazzettaufficiale.it/eli/id/2026/07/18/26A03565/SG	Sat, 18 Jul 2026 10:01:04 GMT		2026-07-18T14:52:56.112342900+02:00
MINISTERO DELLE IMPRESE E DEL MADE IN ITALY - DECRETO 7 luglio 2026	http://www.gazzettaufficiale.it/eli/id/2026/07/18/26A03566/SG	Sat, 18 Jul 2026 10:01:05 GMT		2026-07-18T14:52:56.112342900+02:00
AGENZIA ITALIANA DEL FARMACO - COMUNICATO	http://www.gazzettaufficiale.it/eli/id/2026/07/18/26A03544/SG	Sat, 18 Jul 2026 10:01:02 GMT		2026-07-18T14:52:56.112342900+02:00
AGENZIA ITALIANA DEL FARMACO - COMUNICATO	http://www.gazzettaufficiale.it/eli/id/2026/07/18/26A03545/SG	Sat, 18 Jul 2026 10:01:03 GMT		2026-07-18T14:52:56.112342900+02:00
AGENZIA ITALIANA DEL FARMACO - COMUNICATO	http://www.gazzettaufficiale.it/eli/id/2026/07/18/26A03546/SG	Sat, 18 Jul 2026 10:01:03 GMT		2026-07-18T14:52:56.112342900+02:00
AGENZIA ITALIANA DEL FARMACO - COMUNICATO	http://www.gazzettaufficiale.it/eli/id/2026/07/18/26A03547/SG	Sat, 18 Jul 2026 10:01:03 GMT		2026-07-18T14:52:56.112342900+02:00
AGENZIA ITALIANA DEL FARMACO - COMUNICATO	http://www.gazzettaufficiale.it/eli/id/2026/07/18/26A03619/SG	Sat, 18 Jul 2026 10:01:06 GMT		2026-07-18T14:52:56.112342900+02:00
AUTORITA' DI BACINO DISTRETTUALE DELLE ALPI ORIENTALI - COMUNICATO	http://www.gazzettaufficiale.it/eli/id/2026/07/18/26A03543/SG	Sat, 18 Jul 2026 10:01:02 GMT		2026-07-18T14:52:56.112342900+02:00
AUTORITA' DI BACINO DISTRETTUALE DELLE ALPI ORIENTALI - COMUNICATO	http://www.gazzettaufficiale.it/eli/id/2026/07/18/26A03611/SG	Sat, 18 Jul 2026 10:01:05 GMT		2026-07-18T14:52:56.112342900+02:00
AUTORITA' DI BACINO DISTRETTUALE DELLE ALPI ORIENTALI - COMUNICATO	http://www.gazzettaufficiale.it/eli/id/2026/07/18/26A03612/SG	Sat, 18 Jul 2026 10:01:06 GMT		2026-07-18T14:52:56.112342900+02:00
MINISTERO DELL'AMBIENTE E DELLA SICUREZZA ENERGETICA - COMUNICATO	http://www.gazzettaufficiale.it/eli/id/2026/07/18/26A03560/SG	Sat, 18 Jul 2026 10:01:03 GMT		2026-07-18T14:52:56.112342900+02:00
MINISTERO DELL'AMBIENTE E DELLA SICUREZZA ENERGETICA - COMUNICATO	http://www.gazzettaufficiale.it/eli/id/2026/07/18/26A03561/SG	Sat, 18 Jul 2026 10:01:04 GMT		2026-07-18T14:52:56.112342900+02:00
MINISTERO DELL'AMBIENTE E DELLA SICUREZZA ENERGETICA - COMUNICATO	http://www.gazzettaufficiale.it/eli/id/2026/07/18/26A03567/SG	Sat, 18 Jul 2026 10:01:05 GMT		2026-07-18T14:52:56.112342900+02:00
MINISTERO DELLE IMPRESE E DEL MADE IN ITALY - COMUNICATO	http://www.gazzettaufficiale.it/eli/id/2026/07/18/26A03568/SG	Sat, 18 Jul 2026 10:01:05 GMT		2026-07-18T14:52:56.112342900+02:00
PRESIDENZA DEL CONSIGLIO DEI MINISTRI - COMMISSARIO STRAORDINARIO DI GOVERNO PER LA REALIZZAZIONE DELLA LINEA 2 DELLA METROPOLITANA DELLA CITTA' DI TORINO - COMUNICATO	http://www.gazzettaufficiale.it/eli/id/2026/07/18/26A03542/SG	Sat, 18 Jul 2026 10:01:02 GMT		2026-07-18T14:52:56.112342900+02:00
LEGGE 16 luglio 2026, n.134	http://www.gazzettaufficiale.it/eli/id/2026/07/28/26G00150/SG	Tue, 28 Jul 2026 16:51:22 GMT		2026-07-29T09:55:10.322203500+02:00
MINISTERO DELL'AGRICOLTURA, DELLA SOVRANITA' ALIMENTARE E DELLE FORESTE - DECRETO 13 luglio 2026	http://www.gazzettaufficiale.it/eli/id/2026/07/28/26A03734/SG	Tue, 28 Jul 2026 16:51:19 GMT		2026-07-29T09:55:10.322203500+02:00
MINISTERO DELL'AGRICOLTURA, DELLA SOVRANITA' ALIMENTARE E DELLE FORESTE - DECRETO 20 luglio 2026	http://www.gazzettaufficiale.it/eli/id/2026/07/28/26A03733/SG	Tue, 28 Jul 2026 16:51:19 GMT		2026-07-29T09:55:10.322203500+02:00
MINISTERO DELL'ECONOMIA E DELLE FINANZE - DECRETO 12 marzo 2026	http://www.gazzettaufficiale.it/eli/id/2026/07/28/26A03691/SG	Tue, 28 Jul 2026 16:51:17 GMT		2026-07-29T09:55:10.322203500+02:00
MINISTERO DELL'ECONOMIA E DELLE FINANZE - DECRETO 14 luglio 2026	http://www.gazzettaufficiale.it/eli/id/2026/07/28/26A03741/SG	Tue, 28 Jul 2026 16:51:19 GMT		2026-07-29T09:55:10.322203500+02:00
MINISTERO DELL'ECONOMIA E DELLE FINANZE - DECRETO 14 luglio 2026	http://www.gazzettaufficiale.it/eli/id/2026/07/28/26A03764/SG	Tue, 28 Jul 2026 16:51:21 GMT		2026-07-29T09:55:10.322203500+02:00
MINISTERO DELLA SALUTE - DECRETO 19 giugno 2026	http://www.gazzettaufficiale.it/eli/id/2026/07/28/26A03750/SG	Tue, 28 Jul 2026 16:51:20 GMT		2026-07-29T09:55:10.322203500+02:00
MINISTERO DELLE IMPRESE E DEL MADE IN ITALY - DECRETO 20 luglio 2026	http://www.gazzettaufficiale.it/eli/id/2026/07/28/26A03765/SG	Tue, 28 Jul 2026 16:51:21 GMT		2026-07-29T09:55:10.322203500+02:00
MINISTERO DELLE IMPRESE E DEL MADE IN ITALY - DECRETO 20 luglio 2026	http://www.gazzettaufficiale.it/eli/id/2026/07/28/26A03768/SG	Tue, 28 Jul 2026 16:51:22 GMT		2026-07-29T09:55:10.322203500+02:00
AGENZIA ITALIANA DEL FARMACO - DETERMINA 20 luglio 2026	http://www.gazzettaufficiale.it/eli/id/2026/07/28/26A03752/SG	Tue, 28 Jul 2026 16:51:20 GMT		2026-07-29T09:55:10.322203500+02:00
AGENZIA ITALIANA DEL FARMACO - DETERMINA 20 luglio 2026	http://www.gazzettaufficiale.it/eli/id/2026/07/28/26A03753/SG	Tue, 28 Jul 2026 16:51:20 GMT		2026-07-29T09:55:10.322203500+02:00
AGENZIA ITALIANA DEL FARMACO - DETERMINA 20 luglio 2026	http://www.gazzettaufficiale.it/eli/id/2026/07/28/26A03754/SG	Tue, 28 Jul 2026 16:51:21 GMT		2026-07-29T09:55:10.322203500+02:00
AGENZIA ITALIANA DEL FARMACO - COMUNICATO	http://www.gazzettaufficiale.it/eli/id/2026/07/28/26A03728/SG	Tue, 28 Jul 2026 16:51:18 GMT		2026-07-29T09:55:10.322203500+02:00
AGENZIA ITALIANA DEL FARMACO - COMUNICATO	http://www.gazzettaufficiale.it/eli/id/2026/07/28/26A03729/SG	Tue, 28 Jul 2026 16:51:18 GMT		2026-07-29T09:55:10.322203500+02:00
AGENZIA ITALIANA DEL FARMACO - COMUNICATO	http://www.gazzettaufficiale.it/eli/id/2026/07/28/26A03730/SG	Tue, 28 Jul 2026 16:51:18 GMT		2026-07-29T09:55:10.322203500+02:00
AGENZIA ITALIANA DEL FARMACO - COMUNICATO	http://www.gazzettaufficiale.it/eli/id/2026/07/28/26A03761/SG	Tue, 28 Jul 2026 16:51:21 GMT		2026-07-29T09:55:10.322203500+02:00
AGENZIA ITALIANA DEL FARMACO - COMUNICATO	http://www.gazzettaufficiale.it/eli/id/2026/07/28/26A03766/SG	Tue, 28 Jul 2026 16:51:22 GMT		2026-07-29T09:55:10.322203500+02:00
AGENZIA ITALIANA DEL FARMACO - COMUNICATO	http://www.gazzettaufficiale.it/eli/id/2026/07/28/26A03767/SG	Tue, 28 Jul 2026 16:51:22 GMT		2026-07-29T09:55:10.322203500+02:00
MINISTERO DELL'AGRICOLTURA, DELLA SOVRANITA' ALIMENTARE E DELLE FORESTE - COMUNICATO	http://www.gazzettaufficiale.it/eli/id/2026/07/28/26A03742/SG	Tue, 28 Jul 2026 16:51:20 GMT		2026-07-29T09:55:10.322203500+02:00
MINISTERO DELL'AMBIENTE E DELLA SICUREZZA ENERGETICA - COMUNICATO	http://www.gazzettaufficiale.it/eli/id/2026/07/28/26A03751/SG	Tue, 28 Jul 2026 16:51:20 GMT		2026-07-29T09:55:10.322203500+02:00
MINISTERO DELL'INTERNO - COMUNICATO	http://www.gazzettaufficiale.it/eli/id/2026/07/28/26A03732/SG	Tue, 28 Jul 2026 16:51:18 GMT		2026-07-29T09:55:10.322203500+02:00
DECRETO DEL PRESIDENTE DEL CONSIGLIO DEI MINISTRI 12 giugno 2026, n.150	http://www.gazzettaufficiale.it/eli/id/2026/08/11/26G00159/SG	Tue, 11 Aug 2026 18:17:50 GMT		2026-08-12T13:27:05.623484400+02:00
MINISTERO DELL'AGRICOLTURA, DELLA SOVRANITA' ALIMENTARE E DELLE FORESTE - ORDINANZA 1 luglio 2026	http://www.gazzettaufficiale.it/eli/id/2026/08/11/26A03920/SG	Tue, 11 Aug 2026 18:17:42 GMT		2026-08-12T13:27:05.623484400+02:00
MINISTERO DELL'AGRICOLTURA, DELLA SOVRANITA' ALIMENTARE E DELLE FORESTE - DECRETO 30 luglio 2026	http://www.gazzettaufficiale.it/eli/id/2026/08/11/26A03984/SG	Tue, 11 Aug 2026 18:17:45 GMT		2026-08-12T13:27:05.623484400+02:00
MINISTERO DELL'ISTRUZIONE E DEL MERITO - DECRETO 23 luglio 2026	http://www.gazzettaufficiale.it/eli/id/2026/08/11/26A03951/SG	Tue, 11 Aug 2026 18:17:44 GMT		2026-08-12T13:27:05.623484400+02:00
MINISTERO DELLA SALUTE - DECRETO 30 giugno 2026	http://www.gazzettaufficiale.it/eli/id/2026/08/11/26A03983/SG	Tue, 11 Aug 2026 18:17:44 GMT		2026-08-12T13:27:05.623484400+02:00
MINISTERO DELLA SALUTE - COMMISSARIO STRAORDINARIO ALLA PESTE SUINA AFRICANA - ORDINANZA 10 agosto 2026	http://www.gazzettaufficiale.it/eli/id/2026/08/11/26A04231/SG	Tue, 11 Aug 2026 18:17:49 GMT		2026-08-12T13:27:05.623484400+02:00
MINISTERO DELLE IMPRESE E DEL MADE IN ITALY - DECRETO 22 luglio 2026	http://www.gazzettaufficiale.it/eli/id/2026/08/11/26A03923/SG	Tue, 11 Aug 2026 18:17:43 GMT		2026-08-12T13:27:05.623484400+02:00
MINISTERO DELLE IMPRESE E DEL MADE IN ITALY - DECRETO 24 luglio 2026	http://www.gazzettaufficiale.it/eli/id/2026/08/11/26A03921/SG	Tue, 11 Aug 2026 18:17:42 GMT		2026-08-12T13:27:05.623484400+02:00
MINISTERO DELLE IMPRESE E DEL MADE IN ITALY - DECRETO 27 luglio 2026	http://www.gazzettaufficiale.it/eli/id/2026/08/11/26A03922/SG	Tue, 11 Aug 2026 18:17:43 GMT		2026-08-12T13:27:05.623484400+02:00
MINISTERO DELLE IMPRESE E DEL MADE IN ITALY - DECRETO 28 luglio 2026	http://www.gazzettaufficiale.it/eli/id/2026/08/11/26A04030/SG	Tue, 11 Aug 2026 18:17:48 GMT		2026-08-12T13:27:05.623484400+02:00
MINISTERO DELLE IMPRESE E DEL MADE IN ITALY - DECRETO 3 agosto 2026	http://www.gazzettaufficiale.it/eli/id/2026/08/11/26A04003/SG	Tue, 11 Aug 2026 18:17:45 GMT		2026-08-12T13:27:05.623484400+02:00
PRESIDENZA DEL CONSIGLIO DEI MINISTRI - COMMISSARIO STRAORDINARIO DI GOVERNO PER IL GIUBILEO DELLA CHIESA CATTOLICA 2025 - ORDINANZA 4 agosto 2026	http://www.gazzettaufficiale.it/eli/id/2026/08/11/26A04063/SG	Tue, 11 Aug 2026 18:17:48 GMT		2026-08-12T13:27:05.623484400+02:00
AGENZIA ITALIANA DEL FARMACO - DETERMINA 21 luglio 2026	http://www.gazzettaufficiale.it/eli/id/2026/08/11/26A03846/SG	Tue, 11 Aug 2026 18:17:38 GMT		2026-08-12T13:27:05.623484400+02:00
AGENZIA ITALIANA DEL FARMACO - DETERMINA 21 luglio 2026	http://www.gazzettaufficiale.it/eli/id/2026/08/11/26A03897/SG	Tue, 11 Aug 2026 18:17:39 GMT		2026-08-12T13:27:05.623484400+02:00
AGENZIA ITALIANA DEL FARMACO - DETERMINA 21 luglio 2026	http://www.gazzettaufficiale.it/eli/id/2026/08/11/26A03898/SG	Tue, 11 Aug 2026 18:17:39 GMT		2026-08-12T13:27:05.623484400+02:00
AGENZIA ITALIANA DEL FARMACO - DETERMINA 21 luglio 2026	http://www.gazzettaufficiale.it/eli/id/2026/08/11/26A03899/SG	Tue, 11 Aug 2026 18:17:40 GMT		2026-08-12T13:27:05.623484400+02:00
AGENZIA ITALIANA DEL FARMACO - COMUNICATO	http://www.gazzettaufficiale.it/eli/id/2026/08/11/26A03900/SG	Tue, 11 Aug 2026 18:17:40 GMT		2026-08-12T13:27:05.623484400+02:00
AGENZIA ITALIANA DEL FARMACO - COMUNICATO	http://www.gazzettaufficiale.it/eli/id/2026/08/11/26A03901/SG	Tue, 11 Aug 2026 18:17:41 GMT		2026-08-12T13:27:05.623484400+02:00
AGENZIA ITALIANA DEL FARMACO - COMUNICATO	http://www.gazzettaufficiale.it/eli/id/2026/08/11/26A03902/SG	Tue, 11 Aug 2026 18:17:42 GMT		2026-08-12T13:27:05.623484400+02:00
AGENZIA ITALIANA DEL FARMACO - COMUNICATO	http://www.gazzettaufficiale.it/eli/id/2026/08/11/26A04109/SG	Tue, 11 Aug 2026 18:17:49 GMT		2026-08-12T13:27:05.623484400+02:00
CAMERA DI COMMERCIO, INDUSTRIA, ARTIGIANATO E AGRICOLTURA DI BOLOGNA - COMUNICATO	http://www.gazzettaufficiale.it/eli/id/2026/08/11/26A04005/SG	Tue, 11 Aug 2026 18:17:47 GMT		2026-08-12T13:27:05.623484400+02:00
MINISTERO DELL'AGRICOLTURA, DELLA SOVRANITA' ALIMENTARE E DELLE FORESTE - COMUNICATO	http://www.gazzettaufficiale.it/eli/id/2026/08/11/26A03985/SG	Tue, 11 Aug 2026 18:17:45 GMT		2026-08-12T13:27:05.623484400+02:00
MINISTERO DELL'INTERNO - COMUNICATO	http://www.gazzettaufficiale.it/eli/id/2026/08/11/26A04004/SG	Tue, 11 Aug 2026 18:17:46 GMT		2026-08-12T13:27:05.623484400+02:00
MINISTERO DELL'INTERNO - COMUNICATO	http://www.gazzettaufficiale.it/eli/id/2026/08/11/26A04108/SG	Tue, 11 Aug 2026 18:17:48 GMT		2026-08-12T13:27:05.623484400+02:00
MINISTERO DELLA DIFESA - COMUNICATO	http://www.gazzettaufficiale.it/eli/id/2026/08/11/26A03903/SG	Tue, 11 Aug 2026 18:17:42 GMT		2026-08-12T13:27:05.623484400+02:00
MINISTERO DELLA SALUTE - COMUNICATO	http://www.gazzettaufficiale.it/eli/id/2026/08/11/26A04029/SG	Tue, 11 Aug 2026 18:17:47 GMT		2026-08-12T13:27:05.623484400+02:00
DECRETO LEGISLATIVO 7 agosto 2026, n.147	http://www.gazzettaufficiale.it/eli/id/2026/08/11/26G00168/SG	Tue, 11 Aug 2026 18:17:51 GMT		2026-08-12T13:27:05.623484400+02:00
DECRETO LEGISLATIVO 7 agosto 2026, n.148	http://www.gazzettaufficiale.it/eli/id/2026/08/11/26G00169/SG	Tue, 11 Aug 2026 18:17:58 GMT		2026-08-12T13:27:05.623484400+02:00
DECRETO LEGISLATIVO 7 agosto 2026, n.149	http://www.gazzettaufficiale.it/eli/id/2026/08/11/26G00170/SG	Tue, 11 Aug 2026 18:18:04 GMT		2026-08-12T13:27:05.623484400+02:00
DECRETO-LEGGE 28 agosto 2026, n.154	http://www.gazzettaufficiale.it/eli/id/2026/08/28/26G00174/SG	Fri, 28 Aug 2026 17:44:49 GMT		2026-08-29T03:11:47.739546800+02:00
DECRETO DEL PRESIDENTE DELLA REPUBBLICA 16 luglio 2026	http://www.gazzettaufficiale.it/eli/id/2026/08/28/26A04294/SG	Fri, 28 Aug 2026 17:44:46 GMT		2026-08-29T03:11:47.739546800+02:00
DECRETO DEL PRESIDENTE DELLA REPUBBLICA 28 luglio 2026	http://www.gazzettaufficiale.it/eli/id/2026/08/28/26A04293/SG	Fri, 28 Aug 2026 17:44:46 GMT		2026-08-29T03:11:47.739546800+02:00
MINISTERO DELL'ECONOMIA E DELLE FINANZE - DECRETO 4 agosto 2026	http://www.gazzettaufficiale.it/eli/id/2026/08/28/26A04450/SG	Fri, 28 Aug 2026 17:44:48 GMT		2026-08-29T03:11:47.739546800+02:00
MINISTERO DELLA SALUTE - DECRETO 24 giugno 2026	http://www.gazzettaufficiale.it/eli/id/2026/08/28/26A04295/SG	Fri, 28 Aug 2026 17:44:46 GMT		2026-08-29T03:11:47.739546800+02:00
MINISTERO DELLA SALUTE - ORDINANZA 16 luglio 2026	http://www.gazzettaufficiale.it/eli/id/2026/08/28/26A04616/SG	Fri, 28 Aug 2026 17:44:49 GMT		2026-08-29T03:11:47.739546800+02:00
MINISTERO DELLE IMPRESE E DEL MADE IN ITALY - DECRETO 30 luglio 2026	http://www.gazzettaufficiale.it/eli/id/2026/08/28/26A04193/SG	Fri, 28 Aug 2026 17:44:44 GMT		2026-08-29T03:11:47.739546800+02:00
MINISTERO DELLE IMPRESE E DEL MADE IN ITALY - DECRETO 30 luglio 2026	http://www.gazzettaufficiale.it/eli/id/2026/08/28/26A04194/SG	Fri, 28 Aug 2026 17:44:44 GMT		2026-08-29T03:11:47.739546800+02:00
MINISTERO DELLE IMPRESE E DEL MADE IN ITALY - DECRETO 30 luglio 2026	http://www.gazzettaufficiale.it/eli/id/2026/08/28/26A04195/SG	Fri, 28 Aug 2026 17:44:44 GMT		2026-08-29T03:11:47.739546800+02:00
MINISTERO DELLE IMPRESE E DEL MADE IN ITALY - DECRETO 30 luglio 2026	http://www.gazzettaufficiale.it/eli/id/2026/08/28/26A04196/SG	Fri, 28 Aug 2026 17:44:45 GMT		2026-08-29T03:11:47.739546800+02:00
MINISTERO DELLE IMPRESE E DEL MADE IN ITALY - DECRETO 30 luglio 2026	http://www.gazzettaufficiale.it/eli/id/2026/08/28/26A04197/SG	Fri, 28 Aug 2026 17:44:45 GMT		2026-08-29T03:11:47.739546800+02:00
MINISTERO DELLE IMPRESE E DEL MADE IN ITALY - DECRETO 30 luglio 2026	http://www.gazzettaufficiale.it/eli/id/2026/08/28/26A04198/SG	Fri, 28 Aug 2026 17:44:45 GMT		2026-08-29T03:11:47.739546800+02:00
MINISTERO DELLE IMPRESE E DEL MADE IN ITALY - DECRETO 11 agosto 2026	http://www.gazzettaufficiale.it/eli/id/2026/08/28/26A04304/SG	Fri, 28 Aug 2026 17:44:47 GMT		2026-08-29T03:11:47.739546800+02:00
MINISTERO DELLE IMPRESE E DEL MADE IN ITALY - DECRETO 18 agosto 2026	http://www.gazzettaufficiale.it/eli/id/2026/08/28/26A04408/SG	Fri, 28 Aug 2026 17:44:48 GMT		2026-08-29T03:11:47.739546800+02:00
MINISTERO DELLE IMPRESE E DEL MADE IN ITALY - DECRETO 18 agosto 2026	http://www.gazzettaufficiale.it/eli/id/2026/08/28/26A04409/SG	Fri, 28 Aug 2026 17:44:48 GMT		2026-08-29T03:11:47.739546800+02:00
COMITATO INTERMINISTERIALE PER LA PROGRAMMAZIONE ECONOMICA E LO SVILUPPO SOSTENIBILE - DELIBERA 10 giugno 2026	http://www.gazzettaufficiale.it/eli/id/2026/08/28/26A04296/SG	Fri, 28 Aug 2026 17:44:47 GMT		2026-08-29T03:11:47.739546800+02:00
AGENZIA ITALIANA DEL FARMACO - COMUNICATO	http://www.gazzettaufficiale.it/eli/id/2026/08/28/26A04451/SG	Fri, 28 Aug 2026 17:44:49 GMT		2026-08-29T03:11:47.739546800+02:00
MINISTERO DEGLI AFFARI ESTERI E DELLA COOPERAZIONE INTERNAZIONALE - COMUNICATO	http://www.gazzettaufficiale.it/eli/id/2026/08/28/26A04320/SG	Fri, 28 Aug 2026 17:44:47 GMT		2026-08-29T03:11:47.739546800+02:00
MINISTERO DEGLI AFFARI ESTERI E DELLA COOPERAZIONE INTERNAZIONALE - COMUNICATO	http://www.gazzettaufficiale.it/eli/id/2026/08/28/26A04321/SG	Fri, 28 Aug 2026 17:44:48 GMT		2026-08-29T03:11:47.739546800+02:00
	http://www.gazzettaufficiale.it/eli/id/2026/08/28/26A04683/SG	Fri, 28 Aug 2026 17:44:49 GMT		2026-08-29T03:11:47.739546800+02:00
DECRETO DEL PRESIDENTE DELLA REPUBBLICA 28 luglio 2026	http://www.gazzettaufficiale.it/eli/id/2026/08/29/26A04297/SG	Sat, 29 Aug 2026 10:03:12 GMT		2026-08-29T12:27:18.649005200+02:00
MINISTERO DELLA DIFESA - DECRETO 4 agosto 2026	http://www.gazzettaufficiale.it/eli/id/2026/08/29/26A04449/SG	Sat, 29 Aug 2026 10:03:14 GMT		2026-08-29T12:27:18.649005200+02:00
MINISTERO DELLE IMPRESE E DEL MADE IN ITALY - DECRETO 28 luglio 2026	http://www.gazzettaufficiale.it/eli/id/2026/08/29/26A04448/SG	Sat, 29 Aug 2026 10:03:13 GMT		2026-08-29T12:27:18.649005200+02:00
MINISTERO DELLE IMPRESE E DEL MADE IN ITALY - DECRETO 30 luglio 2026	http://www.gazzettaufficiale.it/eli/id/2026/08/29/26A04199/SG	Sat, 29 Aug 2026 10:03:09 GMT		2026-08-29T12:27:18.649005200+02:00
MINISTERO DELLE IMPRESE E DEL MADE IN ITALY - DECRETO 30 luglio 2026	http://www.gazzettaufficiale.it/eli/id/2026/08/29/26A04200/SG	Sat, 29 Aug 2026 10:03:10 GMT		2026-08-29T12:27:18.649005200+02:00
MINISTERO DELLE IMPRESE E DEL MADE IN ITALY - DECRETO 30 luglio 2026	http://www.gazzettaufficiale.it/eli/id/2026/08/29/26A04201/SG	Sat, 29 Aug 2026 10:03:10 GMT		2026-08-29T12:27:18.649005200+02:00
MINISTERO DELLE IMPRESE E DEL MADE IN ITALY - DECRETO 30 luglio 2026	http://www.gazzettaufficiale.it/eli/id/2026/08/29/26A04202/SG	Sat, 29 Aug 2026 10:03:11 GMT		2026-08-29T12:27:18.649005200+02:00
MINISTERO DELLE IMPRESE E DEL MADE IN ITALY - DECRETO 30 luglio 2026	http://www.gazzettaufficiale.it/eli/id/2026/08/29/26A04203/SG	Sat, 29 Aug 2026 10:03:11 GMT		2026-08-29T12:27:18.649005200+02:00
MINISTERO DELLE IMPRESE E DEL MADE IN ITALY - DECRETO 30 luglio 2026	http://www.gazzettaufficiale.it/eli/id/2026/08/29/26A04204/SG	Sat, 29 Aug 2026 10:03:11 GMT		2026-08-29T12:27:18.649005200+02:00
COMITATO INTERMINISTERIALE PER LA PROGRAMMAZIONE ECONOMICA E LO SVILUPPO SOSTENIBILE - DELIBERA 10 giugno 2026	http://www.gazzettaufficiale.it/eli/id/2026/08/29/26A04298/SG	Sat, 29 Aug 2026 10:03:12 GMT		2026-08-29T12:27:18.649005200+02:00
AGENZIA ITALIANA DEL FARMACO - COMUNICATO	http://www.gazzettaufficiale.it/eli/id/2026/08/29/26A04452/SG	Sat, 29 Aug 2026 10:03:14 GMT		2026-08-29T12:27:18.649005200+02:00
AUTORITA' DI BACINO DISTRETTUALE DELLE ALPI ORIENTALI - COMUNICATO	http://www.gazzettaufficiale.it/eli/id/2026/08/29/26A04299/SG	Sat, 29 Aug 2026 10:03:12 GMT		2026-08-29T12:27:18.649005200+02:00
MINISTERO DEGLI AFFARI ESTERI E DELLA COOPERAZIONE INTERNAZIONALE - COMUNICATO	http://www.gazzettaufficiale.it/eli/id/2026/08/29/26A04322/SG	Sat, 29 Aug 2026 10:03:13 GMT		2026-08-29T12:27:18.649005200+02:00
MINISTERO DEGLI AFFARI ESTERI E DELLA COOPERAZIONE INTERNAZIONALE - COMUNICATO	http://www.gazzettaufficiale.it/eli/id/2026/08/29/26A04323/SG	Sat, 29 Aug 2026 10:03:13 GMT		2026-08-29T12:27:18.649005200+02:00
MINISTERO DEGLI AFFARI ESTERI E DELLA COOPERAZIONE INTERNAZIONALE - COMUNICATO	http://www.gazzettaufficiale.it/eli/id/2026/08/29/26A04447/SG	Sat, 29 Aug 2026 10:03:13 GMT		2026-08-29T12:27:18.649005200+02:00
MINISTERO DELL'UNIVERSITA' E DELLA RICERCA - COMUNICATO	http://www.gazzettaufficiale.it/eli/id/2026/08/29/26A04549/SG	Sat, 29 Aug 2026 10:03:15 GMT		2026-08-29T12:27:18.649005200+02:00
DECRETO DEL PRESIDENTE DEL CONSIGLIO DEI MINISTRI 7 luglio 2026, n.156	http://www.gazzettaufficiale.it/eli/id/2026/09/03/26G00172/SG	Thu, 03 Sep 2026 15:32:47 GMT		2026-09-04T16:48:53.778305100+02:00
DECRETO DEL PRESIDENTE DELLA REPUBBLICA 21 agosto 2026	http://www.gazzettaufficiale.it/eli/id/2026/09/03/26A04621/SG	Thu, 03 Sep 2026 15:32:46 GMT		2026-09-04T16:48:53.778305100+02:00
DECRETO DEL PRESIDENTE DELLA REPUBBLICA 21 agosto 2026	http://www.gazzettaufficiale.it/eli/id/2026/09/03/26A04622/SG	Thu, 03 Sep 2026 15:32:46 GMT		2026-09-04T16:48:53.778305100+02:00
DECRETO DEL PRESIDENTE DELLA REPUBBLICA 21 agosto 2026	http://www.gazzettaufficiale.it/eli/id/2026/09/03/26A04623/SG	Thu, 03 Sep 2026 15:32:46 GMT		2026-09-04T16:48:53.778305100+02:00
MINISTERO DELL'ECONOMIA E DELLE FINANZE - DECRETO 7 agosto 2026	http://www.gazzettaufficiale.it/eli/id/2026/09/03/26A04497/SG	Thu, 03 Sep 2026 15:32:45 GMT		2026-09-04T16:48:53.778305100+02:00
MINISTERO DELL'ECONOMIA E DELLE FINANZE - DECRETO 26 agosto 2026	http://www.gazzettaufficiale.it/eli/id/2026/09/03/26A04651/SG	Thu, 03 Sep 2026 15:32:46 GMT		2026-09-04T16:48:53.778305100+02:00
MINISTERO DELL'UNIVERSITA' E DELLA RICERCA - DECRETO 29 gennaio 2026	http://www.gazzettaufficiale.it/eli/id/2026/09/03/26A04371/SG	Thu, 03 Sep 2026 15:32:43 GMT		2026-09-04T16:48:53.778305100+02:00
MINISTERO DELL'UNIVERSITA' E DELLA RICERCA - DECRETO 29 gennaio 2026	http://www.gazzettaufficiale.it/eli/id/2026/09/03/26A04372/SG	Thu, 03 Sep 2026 15:32:43 GMT		2026-09-04T16:48:53.778305100+02:00
MINISTERO DELL'UNIVERSITA' E DELLA RICERCA - DECRETO 29 gennaio 2026	http://www.gazzettaufficiale.it/eli/id/2026/09/03/26A04373/SG	Thu, 03 Sep 2026 15:32:43 GMT		2026-09-04T16:48:53.778305100+02:00
MINISTERO DELL'UNIVERSITA' E DELLA RICERCA - DECRETO 29 gennaio 2026	http://www.gazzettaufficiale.it/eli/id/2026/09/03/26A04374/SG	Thu, 03 Sep 2026 15:32:43 GMT		2026-09-04T16:48:53.778305100+02:00
MINISTERO DELL'UNIVERSITA' E DELLA RICERCA - DECRETO 29 gennaio 2026	http://www.gazzettaufficiale.it/eli/id/2026/09/03/26A04375/SG	Thu, 03 Sep 2026 15:32:43 GMT		2026-09-04T16:48:53.778305100+02:00
MINISTERO DELL'UNIVERSITA' E DELLA RICERCA - DECRETO 5 febbraio 2026	http://www.gazzettaufficiale.it/eli/id/2026/09/03/26A04376/SG	Thu, 03 Sep 2026 15:32:44 GMT		2026-09-04T16:48:53.778305100+02:00
MINISTERO DELLE IMPRESE E DEL MADE IN ITALY - DECRETO 30 luglio 2026	http://www.gazzettaufficiale.it/eli/id/2026/09/03/26A04217/SG	Thu, 03 Sep 2026 15:32:41 GMT		2026-09-04T16:48:53.778305100+02:00
MINISTERO DELLE IMPRESE E DEL MADE IN ITALY - DECRETO 30 luglio 2026	http://www.gazzettaufficiale.it/eli/id/2026/09/03/26A04218/SG	Thu, 03 Sep 2026 15:32:42 GMT		2026-09-04T16:48:53.778305100+02:00
MINISTERO DELLE IMPRESE E DEL MADE IN ITALY - DECRETO 30 luglio 2026	http://www.gazzettaufficiale.it/eli/id/2026/09/03/26A04330/SG	Thu, 03 Sep 2026 15:32:42 GMT		2026-09-04T16:48:53.778305100+02:00
MINISTERO DELLE IMPRESE E DEL MADE IN ITALY - DECRETO 30 luglio 2026	http://www.gazzettaufficiale.it/eli/id/2026/09/03/26A04331/SG	Thu, 03 Sep 2026 15:32:42 GMT		2026-09-04T16:48:53.778305100+02:00
MINISTERO DELLE IMPRESE E DEL MADE IN ITALY - DECRETO 30 luglio 2026	http://www.gazzettaufficiale.it/eli/id/2026/09/03/26A04332/SG	Thu, 03 Sep 2026 15:32:42 GMT		2026-09-04T16:48:53.778305100+02:00
MINISTERO DELLE IMPRESE E DEL MADE IN ITALY - DECRETO 5 agosto 2026	http://www.gazzettaufficiale.it/eli/id/2026/09/03/26A04455/SG	Thu, 03 Sep 2026 15:32:44 GMT		2026-09-04T16:48:53.778305100+02:00
MINISTERO DELLE IMPRESE E DEL MADE IN ITALY - DECRETO 11 agosto 2026	http://www.gazzettaufficiale.it/eli/id/2026/09/03/26A04411/SG	Thu, 03 Sep 2026 15:32:44 GMT		2026-09-04T16:48:53.778305100+02:00
MINISTERO DELLE IMPRESE E DEL MADE IN ITALY - DECRETO 11 agosto 2026	http://www.gazzettaufficiale.it/eli/id/2026/09/03/26A04412/SG	Thu, 03 Sep 2026 15:32:44 GMT		2026-09-04T16:48:53.778305100+02:00
MINISTERO DELLE IMPRESE E DEL MADE IN ITALY - DECRETO 11 agosto 2026	http://www.gazzettaufficiale.it/eli/id/2026/09/03/26A04413/SG	Thu, 03 Sep 2026 15:32:44 GMT		2026-09-04T16:48:53.778305100+02:00
MINISTERO DELLE IMPRESE E DEL MADE IN ITALY - DECRETO 11 agosto 2026	http://www.gazzettaufficiale.it/eli/id/2026/09/03/26A04456/SG	Thu, 03 Sep 2026 15:32:44 GMT		2026-09-04T16:48:53.778305100+02:00
MINISTERO DELLE IMPRESE E DEL MADE IN ITALY - DECRETO 11 agosto 2026	http://www.gazzettaufficiale.it/eli/id/2026/09/03/26A04457/SG	Thu, 03 Sep 2026 15:32:45 GMT		2026-09-04T16:48:53.778305100+02:00
MINISTERO DELLE IMPRESE E DEL MADE IN ITALY - DECRETO 11 agosto 2026	http://www.gazzettaufficiale.it/eli/id/2026/09/03/26A04458/SG	Thu, 03 Sep 2026 15:32:45 GMT		2026-09-04T16:48:53.778305100+02:00
MINISTERO DELLE IMPRESE E DEL MADE IN ITALY - DECRETO 11 agosto 2026	http://www.gazzettaufficiale.it/eli/id/2026/09/03/26A04464/SG	Thu, 03 Sep 2026 15:32:45 GMT		2026-09-04T16:48:53.778305100+02:00
MINISTERO DELLE IMPRESE E DEL MADE IN ITALY - DECRETO 11 agosto 2026	http://www.gazzettaufficiale.it/eli/id/2026/09/03/26A04466/SG	Thu, 03 Sep 2026 15:32:45 GMT		2026-09-04T16:48:53.778305100+02:00
AGENZIA ITALIANA DEL FARMACO - COMUNICATO	http://www.gazzettaufficiale.it/eli/id/2026/09/03/26A04219/SG	Thu, 03 Sep 2026 15:32:42 GMT		2026-09-04T16:48:53.778305100+02:00
MINISTERO DELL'UNIVERSITA' E DELLA RICERCA - DECRETO 29 gennaio 2026	http://www.gazzettaufficiale.it/eli/id/2026/09/05/26A04383/SG	Sat, 05 Sep 2026 10:02:22 GMT		2026-09-06T08:41:40.952612336Z
MINISTERO DELL'UNIVERSITA' E DELLA RICERCA - DECRETO 5 febbraio 2026	http://www.gazzettaufficiale.it/eli/id/2026/09/05/26A04384/SG	Sat, 05 Sep 2026 10:02:22 GMT		2026-09-06T08:41:40.952612336Z
MINISTERO DELL'UNIVERSITA' E DELLA RICERCA - DECRETO 5 febbraio 2026	http://www.gazzettaufficiale.it/eli/id/2026/09/05/26A04385/SG	Sat, 05 Sep 2026 10:02:22 GMT		2026-09-06T08:41:40.952612336Z
MINISTERO DELLA SALUTE - ORDINANZA 16 luglio 2026	http://www.gazzettaufficiale.it/eli/id/2026/09/05/26A04624/SG	Sat, 05 Sep 2026 10:02:24 GMT		2026-09-06T08:41:40.952612336Z
MINISTERO DELLE IMPRESE E DEL MADE IN ITALY - DECRETO 5 agosto 2026	http://www.gazzettaufficiale.it/eli/id/2026/09/05/26A04336/SG	Sat, 05 Sep 2026 10:02:20 GMT		2026-09-06T08:41:40.952612336Z
MINISTERO DELLE IMPRESE E DEL MADE IN ITALY - DECRETO 5 agosto 2026	http://www.gazzettaufficiale.it/eli/id/2026/09/05/26A04337/SG	Sat, 05 Sep 2026 10:02:21 GMT		2026-09-06T08:41:40.952612336Z
MINISTERO DELLE IMPRESE E DEL MADE IN ITALY - DECRETO 5 agosto 2026	http://www.gazzettaufficiale.it/eli/id/2026/09/05/26A04338/SG	Sat, 05 Sep 2026 10:02:21 GMT		2026-09-06T08:41:40.952612336Z
MINISTERO DELLE IMPRESE E DEL MADE IN ITALY - DECRETO 5 agosto 2026	http://www.gazzettaufficiale.it/eli/id/2026/09/05/26A04339/SG	Sat, 05 Sep 2026 10:02:21 GMT		2026-09-06T08:41:40.952612336Z
MINISTERO DELLE IMPRESE E DEL MADE IN ITALY - DECRETO 12 agosto 2026	http://www.gazzettaufficiale.it/eli/id/2026/09/05/26A04417/SG	Sat, 05 Sep 2026 10:02:22 GMT		2026-09-06T08:41:40.952612336Z
MINISTERO DELLE IMPRESE E DEL MADE IN ITALY - DECRETO 12 agosto 2026	http://www.gazzettaufficiale.it/eli/id/2026/09/05/26A04418/SG	Sat, 05 Sep 2026 10:02:23 GMT		2026-09-06T08:41:40.952612336Z
MINISTERO DELLE IMPRESE E DEL MADE IN ITALY - DECRETO 12 agosto 2026	http://www.gazzettaufficiale.it/eli/id/2026/09/05/26A04419/SG	Sat, 05 Sep 2026 10:02:23 GMT		2026-09-06T08:41:40.952612336Z
MINISTERO DELLE IMPRESE E DEL MADE IN ITALY - DECRETO 12 agosto 2026	http://www.gazzettaufficiale.it/eli/id/2026/09/05/26A04420/SG	Sat, 05 Sep 2026 10:02:23 GMT		2026-09-06T08:41:40.952612336Z
COMITATO INTERMINISTERIALE PER LA PROGRAMMAZIONE ECONOMICA E LO SVILUPPO SOSTENIBILE - DELIBERA 29 aprile 2026	http://www.gazzettaufficiale.it/eli/id/2026/09/05/26A04571/SG	Sat, 05 Sep 2026 10:02:23 GMT		2026-09-06T08:41:40.952612336Z
MINISTERO DELL'AMBIENTE E DELLA SICUREZZA ENERGETICA - COMUNICATO	http://www.gazzettaufficiale.it/eli/id/2026/09/05/26A04625/SG	Sat, 05 Sep 2026 10:02:24 GMT		2026-09-06T08:41:40.952612336Z
PRESIDENZA DEL CONSIGLIO DEI MINISTRI - DIPARTIMENTO CASA ITALIA - COMUNICATO	http://www.gazzettaufficiale.it/eli/id/2026/09/05/26A04710/SG	Sat, 05 Sep 2026 10:02:24 GMT		2026-09-06T08:41:40.952612336Z
